Sample Name,Position,Action,Dilution,Notes,source,Vial
CondBlank1,1,NA,1,General note: no samples diluted on this run,20220209_Readme_Raw_Ions_COMPASS_EXCHANGE_EC1_n16.xlsx,NA
CondBlank2,2,NA,1,NA,20220209_Readme_Raw_Ions_COMPASS_EXCHANGE_EC1_n16.xlsx,NA
CondBlank3,3,NA,1,NA,20220209_Readme_Raw_Ions_COMPASS_EXCHANGE_EC1_n16.xlsx,NA
A-6400x,4,NA,1,"Cal curve r^2s: NO3-= 0.99999, NO2-= 0.99966, F-= 1.00000, Cl-= 0.99983, SO4(2-)= 0.99956, Br-= 0.99950, PO4(3-)= 0.99946",20220209_Readme_Raw_Ions_COMPASS_EXCHANGE_EC1_n16.xlsx,NA
A-3200x,5,NA,1,NA,20220209_Readme_Raw_Ions_COMPASS_EXCHANGE_EC1_n16.xlsx,NA
A-1600x,6,NA,1,NA,20220209_Readme_Raw_Ions_COMPASS_EXCHANGE_EC1_n16.xlsx,NA
A-200x,7,NA,1,NA,20220209_Readme_Raw_Ions_COMPASS_EXCHANGE_EC1_n16.xlsx,NA
A-20x,8,NA,1,NA,20220209_Readme_Raw_Ions_COMPASS_EXCHANGE_EC1_n16.xlsx,NA
A-5x,9,NA,1,NA,20220209_Readme_Raw_Ions_COMPASS_EXCHANGE_EC1_n16.xlsx,NA
Blank1,10,NA,1,"NO2-= 0.0192, NO3-= 0.0595, Cl-= 0.1035, SO4(2-)= 0.1124, Br-= 0.1467",20220209_Readme_Raw_Ions_COMPASS_EXCHANGE_EC1_n16.xlsx,NA
Blank2,11,NA,1,"NO2-= 0.0040, NO3-= 0.0412, F-= 0.0142, Cl-= 0.0916, SO4(2-)= 0.1082, Br-= 0.1263",20220209_Readme_Raw_Ions_COMPASS_EXCHANGE_EC1_n16.xlsx,NA
C-6400x,12,NA,1,"Cal curve r^2s: Li+= 0.99976, Na+= 0.99844, NH4+= 0.99939, K+= 0.99961, Mg2+= 0.99971, Ca2+= 0.99962",20220209_Readme_Raw_Ions_COMPASS_EXCHANGE_EC1_n16.xlsx,NA
C-3200x,13,NA,1,NA,20220209_Readme_Raw_Ions_COMPASS_EXCHANGE_EC1_n16.xlsx,NA
C-1600x,14,NA,1,NA,20220209_Readme_Raw_Ions_COMPASS_EXCHANGE_EC1_n16.xlsx,NA
C-200x,15,NA,1,NA,20220209_Readme_Raw_Ions_COMPASS_EXCHANGE_EC1_n16.xlsx,NA
C-20x,16,NA,1,NA,20220209_Readme_Raw_Ions_COMPASS_EXCHANGE_EC1_n16.xlsx,NA
C-5x,17,NA,1,NA,20220209_Readme_Raw_Ions_COMPASS_EXCHANGE_EC1_n16.xlsx,NA
Blank3,18,blank correct,1,"NO3-= 0.0477, F-= 0.0188, Cl-= 2.2238, SO4(2-)= 0.1038, Br-= 0.1290, Li+= 0.0172, K+= 0.0099, Mg2+= 0.0681",20220209_Readme_Raw_Ions_COMPASS_EXCHANGE_EC1_n16.xlsx,NA
Blank4,19,blank correct,1,"Cl- high but usually is after cal curve, NO3-= 0.0454, F-= 0.0663, Cl-= 1.7963, SO4(2-)= 0.1016, Br-= 0.1261, Mg2+= 0.0567",20220209_Readme_Raw_Ions_COMPASS_EXCHANGE_EC1_n16.xlsx,NA
EC1_K050,20,NA,1,NA,20220209_Readme_Raw_Ions_COMPASS_EXCHANGE_EC1_n16.xlsx,NA
EC1_K020,21,NA,1,NA,20220209_Readme_Raw_Ions_COMPASS_EXCHANGE_EC1_n16.xlsx,NA
EC1_K045,22,NA,1,NA,20220209_Readme_Raw_Ions_COMPASS_EXCHANGE_EC1_n16.xlsx,NA
EC1_K038,23,NA,1,NA,20220209_Readme_Raw_Ions_COMPASS_EXCHANGE_EC1_n16.xlsx,NA
EC1_K049,24,NA,1,NA,20220209_Readme_Raw_Ions_COMPASS_EXCHANGE_EC1_n16.xlsx,NA
Blank5,25,blank correct,1,"NO3-= 0.0025, F-= 0.0658, Cl-= 0.5160, SO4(2-)= 0.1097, Br-= 0.0928, Mg2+= 0.0630",20220209_Readme_Raw_Ions_COMPASS_EXCHANGE_EC1_n16.xlsx,NA
EC1_K033,26,NA,1,NA,20220209_Readme_Raw_Ions_COMPASS_EXCHANGE_EC1_n16.xlsx,NA
EC1_K055,27,NA,1,NA,20220209_Readme_Raw_Ions_COMPASS_EXCHANGE_EC1_n16.xlsx,NA
EC1_K019,28,NA,1,NA,20220209_Readme_Raw_Ions_COMPASS_EXCHANGE_EC1_n16.xlsx,NA
EC1_K008,29,NA,1,NA,20220209_Readme_Raw_Ions_COMPASS_EXCHANGE_EC1_n16.xlsx,NA
EC1_K011,30,NA,1,NA,20220209_Readme_Raw_Ions_COMPASS_EXCHANGE_EC1_n16.xlsx,NA
Blank6,31,blank correct,1,"NO3-= 0.0200, F-= 0.0210, Cl-= 0.3805, SO4(2-)= 0.1423, Br-= 0.1043, Mg2+= 0.0679",20220209_Readme_Raw_Ions_COMPASS_EXCHANGE_EC1_n16.xlsx,NA
CKSTD1_A200x,32,NA,1,"NO2-= 0.5270, NO3-= 0.5427, F-= 0.1237, Cl-= 0.8029, SO4(2-)= 0.5977, Br-= 0.5484, PO4(3-)= 1.5299",20220209_Readme_Raw_Ions_COMPASS_EXCHANGE_EC1_n16.xlsx,NA
CKSTD2_C200x,33,NA,1,"Li+= 0.2287, Na+= 0.8439, NH4+= 1.4829, K+= 2.3365, Mg2+= 1.1378, Ca2+= 2.5899",20220209_Readme_Raw_Ions_COMPASS_EXCHANGE_EC1_n16.xlsx,NA
Blank7,34,blank correct,1,Mg2+= 0.0564,20220209_Readme_Raw_Ions_COMPASS_EXCHANGE_EC1_n16.xlsx,NA
EC1_K023,35,NA,1,NA,20220209_Readme_Raw_Ions_COMPASS_EXCHANGE_EC1_n16.xlsx,NA
EC1_K053,36,NA,1,NA,20220209_Readme_Raw_Ions_COMPASS_EXCHANGE_EC1_n16.xlsx,NA
EC1_K022,37,NA,1,NA,20220209_Readme_Raw_Ions_COMPASS_EXCHANGE_EC1_n16.xlsx,NA
EC1_K039,38,NA,1,NA,20220209_Readme_Raw_Ions_COMPASS_EXCHANGE_EC1_n16.xlsx,NA
EC1_K004,39,NA,1,NA,20220209_Readme_Raw_Ions_COMPASS_EXCHANGE_EC1_n16.xlsx,NA
Blank8,40,blank correct,1,"NO3-= 0.0021, Mg2+= 0.0699, Ca2+= 0.0227",20220209_Readme_Raw_Ions_COMPASS_EXCHANGE_EC1_n16.xlsx,NA
EC1_K009,41,NA,1,NA,20220209_Readme_Raw_Ions_COMPASS_EXCHANGE_EC1_n16.xlsx,NA
EC1_K012,42,NA,1,NA,20220209_Readme_Raw_Ions_COMPASS_EXCHANGE_EC1_n16.xlsx,NA
Blank9,43,blank correct,1,"NO3-= 0.0095, Cl-= 0.3521, SO4(2-)= 0.1378, Br-= 0.0981, Mg2+= 0.0755, Ca2+= 0.1644",20220209_Readme_Raw_Ions_COMPASS_EXCHANGE_EC1_n16.xlsx,NA
CKSTD3_A200x,44,NA,1,"NO2-= 0.4974, NO3-= 0.5342, F-= 0.0955, Cl-= 0.6852, SO4(2-)= 0.5719, Br-= 0.5539, PO4(3-)= 1.5158",20220209_Readme_Raw_Ions_COMPASS_EXCHANGE_EC1_n16.xlsx,NA
CKSTD4_C200x,45,NA,1,"Li+= 0.2381, Na+= 0.8775, NH4+= 1.5795, K+= 2.4427, Mg2+= 1.1809, Ca2+= 2.7112",20220209_Readme_Raw_Ions_COMPASS_EXCHANGE_EC1_n16.xlsx,NA
Blank10,46,blank correct,1,"F-= 0.0248, Cl-= 0.2289, SO4(2-)= 0.1199, Mg2+= 0.0556",20220209_Readme_Raw_Ions_COMPASS_EXCHANGE_EC1_n16.xlsx,NA
Blank11,47,blank correct,1,"F-= 0.0245, Cl-= 0.2046, SO4(2-)= 0.1201, Mg2+= 0.0653",20220209_Readme_Raw_Ions_COMPASS_EXCHANGE_EC1_n16.xlsx,NA
CondBlank1,1,NA,1,General note: check ec1 dilutions,20220218_Readme_Raw_Ions_COMPASS_EXCHANGE_EC1_n3_SBR_RC2_RC2_n18.xlsx,NA
CondBlank2,2,NA,1,NA,20220218_Readme_Raw_Ions_COMPASS_EXCHANGE_EC1_n3_SBR_RC2_RC2_n18.xlsx,NA
CondBlank3,3,NA,1,NA,20220218_Readme_Raw_Ions_COMPASS_EXCHANGE_EC1_n3_SBR_RC2_RC2_n18.xlsx,NA
A-6400,4,NA,1,"Anion r^2s: NO2-= 0.99999, NO3-= 0.99999, F-= 0.99999, Cl-= 0.99984, SO4(2-)= 0.99975, Br-= 0.99910, PO4(3-)= 0.99970",20220218_Readme_Raw_Ions_COMPASS_EXCHANGE_EC1_n3_SBR_RC2_RC2_n18.xlsx,NA
A-3200,5,NA,1,NA,20220218_Readme_Raw_Ions_COMPASS_EXCHANGE_EC1_n3_SBR_RC2_RC2_n18.xlsx,NA
A-1600,6,NA,1,NA,20220218_Readme_Raw_Ions_COMPASS_EXCHANGE_EC1_n3_SBR_RC2_RC2_n18.xlsx,NA
A-200,7,NA,1,NA,20220218_Readme_Raw_Ions_COMPASS_EXCHANGE_EC1_n3_SBR_RC2_RC2_n18.xlsx,NA
A-20,8,NA,1,NA,20220218_Readme_Raw_Ions_COMPASS_EXCHANGE_EC1_n3_SBR_RC2_RC2_n18.xlsx,NA
A-5,9,NA,1,NA,20220218_Readme_Raw_Ions_COMPASS_EXCHANGE_EC1_n3_SBR_RC2_RC2_n18.xlsx,NA
Blank1,10,NA,1,"NO2-= 0.0575, NO3-= 0.1012, Cl-= 0.0956, SO4(2-)= 0.0957, Br-= 0.1958",20220218_Readme_Raw_Ions_COMPASS_EXCHANGE_EC1_n3_SBR_RC2_RC2_n18.xlsx,NA
Blank2,11,NA,1,"NO2-= 0.0504, NO3-= 0.1399, Cl-= 0.0814, SO4(2-)= 0.0905, Br-= 0.2094",20220218_Readme_Raw_Ions_COMPASS_EXCHANGE_EC1_n3_SBR_RC2_RC2_n18.xlsx,NA
C-6400,12,NA,1,"Cation r^2s: Li+= 0.99913, Na+= 0.99990, NH4+= 0.99931, K+= 0.99997, Mg2+= 0.99998, Ca2+= 0.99999",20220218_Readme_Raw_Ions_COMPASS_EXCHANGE_EC1_n3_SBR_RC2_RC2_n18.xlsx,NA
C-3200,13,NA,1,NA,20220218_Readme_Raw_Ions_COMPASS_EXCHANGE_EC1_n3_SBR_RC2_RC2_n18.xlsx,NA
C-1600,14,NA,1,NA,20220218_Readme_Raw_Ions_COMPASS_EXCHANGE_EC1_n3_SBR_RC2_RC2_n18.xlsx,NA
C-200,15,NA,1,NA,20220218_Readme_Raw_Ions_COMPASS_EXCHANGE_EC1_n3_SBR_RC2_RC2_n18.xlsx,NA
C-20,16,NA,1,NA,20220218_Readme_Raw_Ions_COMPASS_EXCHANGE_EC1_n3_SBR_RC2_RC2_n18.xlsx,NA
C-5,17,NA,1,NA,20220218_Readme_Raw_Ions_COMPASS_EXCHANGE_EC1_n3_SBR_RC2_RC2_n18.xlsx,NA
Blank3,18,NA,1,"NO2-= 0.0008, Cl-= 2.1556, SO4(2-)= 0.0796, Br-= 0.1086, Na+= 0.1416, K+= 0.2487, Mg2+= 0.0893, Ca2+= 0.1250",20220218_Readme_Raw_Ions_COMPASS_EXCHANGE_EC1_n3_SBR_RC2_RC2_n18.xlsx,NA
Blank4,19,NA,1,"NO2-= 0.0069, NO3-= 0.0001, Cl-= 1.7227, SO4(2-)= 0.0787, Na+= 0.1374, K+= 0.2298, Mg2+= 0.0787, Ca2+= 0.0930",20220218_Readme_Raw_Ions_COMPASS_EXCHANGE_EC1_n3_SBR_RC2_RC2_n18.xlsx,NA
EC1_K037,20,NA,50,NA,20220218_Readme_Raw_Ions_COMPASS_EXCHANGE_EC1_n3_SBR_RC2_RC2_n18.xlsx,NA
EC1_K060,21,NA,100,NA,20220218_Readme_Raw_Ions_COMPASS_EXCHANGE_EC1_n3_SBR_RC2_RC2_n18.xlsx,NA
EC1_K061,22,NA,200,NA,20220218_Readme_Raw_Ions_COMPASS_EXCHANGE_EC1_n3_SBR_RC2_RC2_n18.xlsx,NA
RC2_N3,23,NA,1,NA,20220218_Readme_Raw_Ions_COMPASS_EXCHANGE_EC1_n3_SBR_RC2_RC2_n18.xlsx,NA
RC2_N4,24,NA,1,NA,20220218_Readme_Raw_Ions_COMPASS_EXCHANGE_EC1_n3_SBR_RC2_RC2_n18.xlsx,NA
Blank5,25,Blank correct,1,"Cl-= 0.5758, SO4(2-)= 0.0864, Br-= 0.1208, Na+= 0.1412, K+= 0.2184, Mg2+= 0.0851, Ca2+= 0.1340",20220218_Readme_Raw_Ions_COMPASS_EXCHANGE_EC1_n3_SBR_RC2_RC2_n18.xlsx,NA
RC2_N5,26,NA,1,NA,20220218_Readme_Raw_Ions_COMPASS_EXCHANGE_EC1_n3_SBR_RC2_RC2_n18.xlsx,NA
Interrupted sample,26,NA,1,NA,20220218_Readme_Raw_Ions_COMPASS_EXCHANGE_EC1_n3_SBR_RC2_RC2_n18.xlsx,NA
RC2_N6,27,NA,1,NA,20220218_Readme_Raw_Ions_COMPASS_EXCHANGE_EC1_n3_SBR_RC2_RC2_n18.xlsx,NA
RC2_N7,28,NA,1,NA,20220218_Readme_Raw_Ions_COMPASS_EXCHANGE_EC1_n3_SBR_RC2_RC2_n18.xlsx,NA
RC2_N8,29,NA,1,NA,20220218_Readme_Raw_Ions_COMPASS_EXCHANGE_EC1_n3_SBR_RC2_RC2_n18.xlsx,NA
RC2_N9,30,NA,1,NA,20220218_Readme_Raw_Ions_COMPASS_EXCHANGE_EC1_n3_SBR_RC2_RC2_n18.xlsx,NA
CKSTD1_A-200x,31,NA,1,"NO2-= 0.5345, NO3-= 0.5683, F-= 0.1096, Cl-= 0.6793, SO4(2-)= 0.5501, Br-= 0.5682, PO4(3-)= 1.3730, PO4(3-)= 0.1243",20220218_Readme_Raw_Ions_COMPASS_EXCHANGE_EC1_n3_SBR_RC2_RC2_n18.xlsx,NA
CKSTD2_C-200x,32,NA,1,NA,20220218_Readme_Raw_Ions_COMPASS_EXCHANGE_EC1_n3_SBR_RC2_RC2_n18.xlsx,NA
Blank6,33,Blank correct,1,"NO2-= 0.3025, Cl-= 0.2719, SO4(2-)= 0.1012, Br-= 0.1813, Na+= 0.1463,  K+= 0.2382, Mg2+= 0.0844, Ca2+= 0.1473",20220218_Readme_Raw_Ions_COMPASS_EXCHANGE_EC1_n3_SBR_RC2_RC2_n18.xlsx,NA
RC2_N10,34,NA,1,NA,20220218_Readme_Raw_Ions_COMPASS_EXCHANGE_EC1_n3_SBR_RC2_RC2_n18.xlsx,NA
RC2_N11,35,NA,1,NA,20220218_Readme_Raw_Ions_COMPASS_EXCHANGE_EC1_n3_SBR_RC2_RC2_n18.xlsx,NA
RC2_N12,36,NA,1,NA,20220218_Readme_Raw_Ions_COMPASS_EXCHANGE_EC1_n3_SBR_RC2_RC2_n18.xlsx,NA
RC2_O2,37,NA,1,NA,20220218_Readme_Raw_Ions_COMPASS_EXCHANGE_EC1_n3_SBR_RC2_RC2_n18.xlsx,NA
RC2_O9,38,NA,1,NA,20220218_Readme_Raw_Ions_COMPASS_EXCHANGE_EC1_n3_SBR_RC2_RC2_n18.xlsx,NA
RC2_O14,39,NA,1,NA,20220218_Readme_Raw_Ions_COMPASS_EXCHANGE_EC1_n3_SBR_RC2_RC2_n18.xlsx,NA
CKSTD3_A-200x,40,NA,1,"NO2-=  0.5417, NO3-= 0.5674, F-= 0.1342, Cl-= 0.5916, SO4(2-)= 0.5594, Br-= 0.5576, PO4(3-)= 1.4045",20220218_Readme_Raw_Ions_COMPASS_EXCHANGE_EC1_n3_SBR_RC2_RC2_n18.xlsx,NA
CKSTD4_C-200x,41,NA,1,"Li+= 0.2180, Na+= 1.0288, NH4+= 1.3925, K+= 2.6541, Mg2+= 1.2038, Ca2+= 2.8532",20220218_Readme_Raw_Ions_COMPASS_EXCHANGE_EC1_n3_SBR_RC2_RC2_n18.xlsx,NA
Blank7,42,Blank correct,1,"NO2-= 0.0008, NO3-= 0.0220, Cl-= 0.1565, SO4(2-)= 0.0974, Br-= 0.1243, Na+= 0.1364, K+= 0.2067, Mg2+= 0.0785, Ca2+= 0.1065",20220218_Readme_Raw_Ions_COMPASS_EXCHANGE_EC1_n3_SBR_RC2_RC2_n18.xlsx,NA
RC2_P6,43,NA,1,NA,20220218_Readme_Raw_Ions_COMPASS_EXCHANGE_EC1_n3_SBR_RC2_RC2_n18.xlsx,NA
RC2_P7,44,NA,1,NA,20220218_Readme_Raw_Ions_COMPASS_EXCHANGE_EC1_n3_SBR_RC2_RC2_n18.xlsx,NA
RC2_P8,45,NA,1,NA,20220218_Readme_Raw_Ions_COMPASS_EXCHANGE_EC1_n3_SBR_RC2_RC2_n18.xlsx,NA
RC2_P9,46,NA,1,NA,20220218_Readme_Raw_Ions_COMPASS_EXCHANGE_EC1_n3_SBR_RC2_RC2_n18.xlsx,NA
RC2_P13,47,NA,1,NA,20220218_Readme_Raw_Ions_COMPASS_EXCHANGE_EC1_n3_SBR_RC2_RC2_n18.xlsx,NA
CKSTD5_A-200x,48,NA,1,"NO2-= 0.5447, NO3-= 0.5785, Cl-= 0.5971, SO4(2-)= 0.5758, Br-= 0.5792, PO4(3-)= 1.4346",20220218_Readme_Raw_Ions_COMPASS_EXCHANGE_EC1_n3_SBR_RC2_RC2_n18.xlsx,NA
CKSTD6_C-200x,49,NA,1,"Li+= 0.2167, Na+= 1.0268, NH4+= 1.3844, K+= 2.6284, Mg2+= 1.2042, Ca2+= 2.8565",20220218_Readme_Raw_Ions_COMPASS_EXCHANGE_EC1_n3_SBR_RC2_RC2_n18.xlsx,NA
Blank8,50,Blank correct,1,"NO3-= 0.0105, Cl-= 0.1306, SO4(2-)= 0.0933, Br-= 0.1208, Na+= 0.1377, K+= 0.2215, Mg2+= 0.0974, Ca2+= 0.1931",20220218_Readme_Raw_Ions_COMPASS_EXCHANGE_EC1_n3_SBR_RC2_RC2_n18.xlsx,NA
CondBlank1,1,NA,1,"General note: Cl- carryover, check dilutions of EXCHANGE samples",20220216_Readme_Raw_Ions_COMPASS_EXCHANGE_EC1_n7_SBR_RC2_RC2_n14.xlsx,NA
CondBlank2,2,NA,1,NA,20220216_Readme_Raw_Ions_COMPASS_EXCHANGE_EC1_n7_SBR_RC2_RC2_n14.xlsx,NA
CondBlank3,3,NA,1,NA,20220216_Readme_Raw_Ions_COMPASS_EXCHANGE_EC1_n7_SBR_RC2_RC2_n14.xlsx,NA
A-6400x,4,NA,1,"Anion r^2s: F-= 0.99988, Cl-= 0.99984, SO4(2-)= 0.99971, Br-= 0.99910, PO4(3-)= 0.99960, NO2-= 1.00000, NO3-= 1.00000",20220216_Readme_Raw_Ions_COMPASS_EXCHANGE_EC1_n7_SBR_RC2_RC2_n14.xlsx,NA
A-3200x,5,NA,1,NA,20220216_Readme_Raw_Ions_COMPASS_EXCHANGE_EC1_n7_SBR_RC2_RC2_n14.xlsx,NA
A-1600x,6,NA,1,NA,20220216_Readme_Raw_Ions_COMPASS_EXCHANGE_EC1_n7_SBR_RC2_RC2_n14.xlsx,NA
A-200x,7,NA,1,NA,20220216_Readme_Raw_Ions_COMPASS_EXCHANGE_EC1_n7_SBR_RC2_RC2_n14.xlsx,NA
A-20x,8,NA,1,NA,20220216_Readme_Raw_Ions_COMPASS_EXCHANGE_EC1_n7_SBR_RC2_RC2_n14.xlsx,NA
A-5x,9,NA,1,NA,20220216_Readme_Raw_Ions_COMPASS_EXCHANGE_EC1_n7_SBR_RC2_RC2_n14.xlsx,NA
Blank1,10,NA,1,"Na+= 0.1170, K+= 0.1609, Ca2+= 0.0176, NO2-= 0.0512, Cl-= 0.0984, SO4(2-)= 0.0977, Br-= 0.1720",20220216_Readme_Raw_Ions_COMPASS_EXCHANGE_EC1_n7_SBR_RC2_RC2_n14.xlsx,NA
Blank2,11,NA,1,"Na+= 0.1119, K+= 0.1589, Ca2+= 0.0154, NO3-= 0.0290, Cl-= 0.0923, SO4(2-)= 0.0953, Br-= 0.1626",20220216_Readme_Raw_Ions_COMPASS_EXCHANGE_EC1_n7_SBR_RC2_RC2_n14.xlsx,NA
C-6400x,12,NA,1,"Cation r^2s: Li+= 0.99882, Na+=0.99995, NH4+= 0.99718, K+= 0.99999, Mg2+= 0.99995, Ca2+= 1.00000",20220216_Readme_Raw_Ions_COMPASS_EXCHANGE_EC1_n7_SBR_RC2_RC2_n14.xlsx,NA
C-3200x,13,NA,1,NA,20220216_Readme_Raw_Ions_COMPASS_EXCHANGE_EC1_n7_SBR_RC2_RC2_n14.xlsx,NA
C-1600x,14,NA,1,NA,20220216_Readme_Raw_Ions_COMPASS_EXCHANGE_EC1_n7_SBR_RC2_RC2_n14.xlsx,NA
C-200x,15,NA,1,NA,20220216_Readme_Raw_Ions_COMPASS_EXCHANGE_EC1_n7_SBR_RC2_RC2_n14.xlsx,NA
C-20x,16,NA,1,NA,20220216_Readme_Raw_Ions_COMPASS_EXCHANGE_EC1_n7_SBR_RC2_RC2_n14.xlsx,NA
C-5x,17,NA,1,NA,20220216_Readme_Raw_Ions_COMPASS_EXCHANGE_EC1_n7_SBR_RC2_RC2_n14.xlsx,NA
Blank3,18,NA,1,"Na+= 0.1201, K+= 0.2033, Mg2+= 0.0503, Ca2+= 0.0590, NO2-= 0.0184, Cl-= 2.1103, SO4(2-)= 0.0873, Br-= 0.1290",20220216_Readme_Raw_Ions_COMPASS_EXCHANGE_EC1_n7_SBR_RC2_RC2_n14.xlsx,NA
Blank4,19,NA,1,"Na+= 0.1146, K+= 0.1858, Mg2+= 0.0442, Ca2+= 0.0313, NO2-= 0.0258, NO3-= 0.0140, Cl-=. 1.6888, SO4(2-)= 0.0870, Br-= 0.1338",20220216_Readme_Raw_Ions_COMPASS_EXCHANGE_EC1_n7_SBR_RC2_RC2_n14.xlsx,NA
EC1_K058,20,NA,200,NA,20220216_Readme_Raw_Ions_COMPASS_EXCHANGE_EC1_n7_SBR_RC2_RC2_n14.xlsx,NA
EC1_K046,21,NA,200,NA,20220216_Readme_Raw_Ions_COMPASS_EXCHANGE_EC1_n7_SBR_RC2_RC2_n14.xlsx,NA
EC1_K015,22,NA,200,NA,20220216_Readme_Raw_Ions_COMPASS_EXCHANGE_EC1_n7_SBR_RC2_RC2_n14.xlsx,NA
EC1_K056,23,NA,200,NA,20220216_Readme_Raw_Ions_COMPASS_EXCHANGE_EC1_n7_SBR_RC2_RC2_n14.xlsx,NA
EC1_K026,24,NA,250,NA,20220216_Readme_Raw_Ions_COMPASS_EXCHANGE_EC1_n7_SBR_RC2_RC2_n14.xlsx,NA
Blank5,25,Blank correct,1,"Na+= 0.1276, K+= 0.1690, Mg2+= 0.0468, Ca2+= 0.0245, NO2-= 0.0144, NO3-= 0.0063, Cl-= 0.8228, SO4(2-)= 0.1218",20220216_Readme_Raw_Ions_COMPASS_EXCHANGE_EC1_n7_SBR_RC2_RC2_n14.xlsx,NA
EC1_K040,26,NA,250,NA,20220216_Readme_Raw_Ions_COMPASS_EXCHANGE_EC1_n7_SBR_RC2_RC2_n14.xlsx,NA
EC1_K041,27,NA,250,NA,20220216_Readme_Raw_Ions_COMPASS_EXCHANGE_EC1_n7_SBR_RC2_RC2_n14.xlsx,NA
RC2_M7,28,NA,1,NA,20220216_Readme_Raw_Ions_COMPASS_EXCHANGE_EC1_n7_SBR_RC2_RC2_n14.xlsx,NA
RC2_M8,29,NA,1,NA,20220216_Readme_Raw_Ions_COMPASS_EXCHANGE_EC1_n7_SBR_RC2_RC2_n14.xlsx,NA
RC2_M9,30,NA,1,NA,20220216_Readme_Raw_Ions_COMPASS_EXCHANGE_EC1_n7_SBR_RC2_RC2_n14.xlsx,NA
CKSTD1_A-200x,31,NA,1,"NO2-= 0.5269, NO3-= 0.5409, F-= 0.0898, Cl-= 0.8371, SO4(2-)= 0.5527, Br-= 0.5561, PO4(3-)= 1.4287",20220216_Readme_Raw_Ions_COMPASS_EXCHANGE_EC1_n7_SBR_RC2_RC2_n14.xlsx,NA
CKSTD2_C-200x,32,NA,1,"Li+= 0.2051, Na+= 0.9911, NH4+= 1.1257, K+= 2.5589, Mg2+= 1.1394, Ca2+= 2.6814",20220216_Readme_Raw_Ions_COMPASS_EXCHANGE_EC1_n7_SBR_RC2_RC2_n14.xlsx,NA
Blank6,33,Blank correct,1,"NO2-= 0.0203, NO3-= 0.0088, Cl-= 0.3690, SO4(2-)= 0.0974",20220216_Readme_Raw_Ions_COMPASS_EXCHANGE_EC1_n7_SBR_RC2_RC2_n14.xlsx,NA
RC2_M10,34,NA,1,NA,20220216_Readme_Raw_Ions_COMPASS_EXCHANGE_EC1_n7_SBR_RC2_RC2_n14.xlsx,NA
RC2_M11,35,NA,1,NA,20220216_Readme_Raw_Ions_COMPASS_EXCHANGE_EC1_n7_SBR_RC2_RC2_n14.xlsx,NA
RC2_M12,36,NA,1,NA,20220216_Readme_Raw_Ions_COMPASS_EXCHANGE_EC1_n7_SBR_RC2_RC2_n14.xlsx,NA
RC2_M13,37,NA,1,NA,20220216_Readme_Raw_Ions_COMPASS_EXCHANGE_EC1_n7_SBR_RC2_RC2_n14.xlsx,NA
RC2_M14,38,NA,1,NA,20220216_Readme_Raw_Ions_COMPASS_EXCHANGE_EC1_n7_SBR_RC2_RC2_n14.xlsx,NA
RC2_M15,39,NA,1,NA,20220216_Readme_Raw_Ions_COMPASS_EXCHANGE_EC1_n7_SBR_RC2_RC2_n14.xlsx,NA
RC2_M16,40,NA,1,NA,20220216_Readme_Raw_Ions_COMPASS_EXCHANGE_EC1_n7_SBR_RC2_RC2_n14.xlsx,NA
CKSTD3_A-200x,41,NA,1,"NO2-= 0.5162, NO3-= 0.5316, F-= 0.0846, Cl-= 0.5859, SO4(2-)= 0.5343, Br-= 0.5467, PO4(3-)= 1.4086",20220216_Readme_Raw_Ions_COMPASS_EXCHANGE_EC1_n7_SBR_RC2_RC2_n14.xlsx,NA
CKSTD4_C-200x,42,NA,1,"Li+= 0.2086, Na+= 1.0083, NH4+= 1.1469, K+= 2.5843, Mg2+= 1.1669, Ca2+= 2.7574",20220216_Readme_Raw_Ions_COMPASS_EXCHANGE_EC1_n7_SBR_RC2_RC2_n14.xlsx,NA
Blank7,43,Blank correct,1,"Na+= 0.1382, K+= 0.2026, Mg2+= 0.0501, Ca2+= 0.1048, NO3-= 0.0476, Cl-= 0.3610, SO4(2-)= 0.2020, Br-= 0.1536",20220216_Readme_Raw_Ions_COMPASS_EXCHANGE_EC1_n7_SBR_RC2_RC2_n14.xlsx,NA
RC2_M17,44,NA,1,NA,20220216_Readme_Raw_Ions_COMPASS_EXCHANGE_EC1_n7_SBR_RC2_RC2_n14.xlsx,NA
RC2_M18,45,NA,1,NA,20220216_Readme_Raw_Ions_COMPASS_EXCHANGE_EC1_n7_SBR_RC2_RC2_n14.xlsx,NA
RC2_N1,46,NA,1,NA,20220216_Readme_Raw_Ions_COMPASS_EXCHANGE_EC1_n7_SBR_RC2_RC2_n14.xlsx,NA
RC2_N2,47,NA,1,NA,20220216_Readme_Raw_Ions_COMPASS_EXCHANGE_EC1_n7_SBR_RC2_RC2_n14.xlsx,NA
CKSTD5_A-200x,48,NA,1,"NO2-= 0.5173, NO3-= 0.5446, F-= 0.0901, Cl-= 0.5717, SO4(2-)= 0.5462, Br-= 0.5581, PO4(3-)= 1.4430",20220216_Readme_Raw_Ions_COMPASS_EXCHANGE_EC1_n7_SBR_RC2_RC2_n14.xlsx,NA
CKSTD6_C-200x,49,NA,1,"Li+= 0.2106, Na+= 0.9943, NH4+= 1.1379, K+= 2.5877, Mg2+= 1.1709, Ca2+= 2.7659",20220216_Readme_Raw_Ions_COMPASS_EXCHANGE_EC1_n7_SBR_RC2_RC2_n14.xlsx,NA
Blank8,50,Blank correct,1,"K+= 0.1579, Mg2+= 0.0517, Ca2+= 0.0817, NO2-= 0.0146, NO3-= 0.0103, Cl-= 0.1330, SO4(2-)= 0.0945",20220216_Readme_Raw_Ions_COMPASS_EXCHANGE_EC1_n7_SBR_RC2_RC2_n14.xlsx,NA
CondBlank1,1,NA,1,NA,20220214_Readme_Raw_Ions_COMPASS_EXCHANGE_EC1_n16.xlsx,NA
CondBlank2,2,NA,1,NA,20220214_Readme_Raw_Ions_COMPASS_EXCHANGE_EC1_n16.xlsx,NA
CondBlank3,3,NA,1,NA,20220214_Readme_Raw_Ions_COMPASS_EXCHANGE_EC1_n16.xlsx,NA
A-6400x,4,NA,1,"anion cal r^2s: F-= 0.99998, Cl-= 0.99983, SO4(2-)= 0.99966, Br-= 0.99901, PO4(3-)= 0.99953, NO2-= 1.00000, NO3-= 0.99997",20220214_Readme_Raw_Ions_COMPASS_EXCHANGE_EC1_n16.xlsx,NA
A-3200x,5,NA,1,NA,20220214_Readme_Raw_Ions_COMPASS_EXCHANGE_EC1_n16.xlsx,NA
A-1600x,6,NA,1,NA,20220214_Readme_Raw_Ions_COMPASS_EXCHANGE_EC1_n16.xlsx,NA
A-200x,7,NA,1,NA,20220214_Readme_Raw_Ions_COMPASS_EXCHANGE_EC1_n16.xlsx,NA
A-20x,8,NA,1,NA,20220214_Readme_Raw_Ions_COMPASS_EXCHANGE_EC1_n16.xlsx,NA
A-5x,9,NA,1,NA,20220214_Readme_Raw_Ions_COMPASS_EXCHANGE_EC1_n16.xlsx,NA
Blank1,10,NA,1,"F-= 0.0125, Cl-= 0.0735, SO4(2-)= 0.0986, Br-= 0.1598, NO2-= 0.0740, NO3-= 0.0556",20220214_Readme_Raw_Ions_COMPASS_EXCHANGE_EC1_n16.xlsx,NA
Blank2,11,NA,1,"F-= 0.0140, Cl-= 0.0756, SO4(2-)= 0.0955, Br-= 0.1559, NO2-= 0.0636, NO3-= 0.0532",20220214_Readme_Raw_Ions_COMPASS_EXCHANGE_EC1_n16.xlsx,NA
C-6400x,12,NA,1,"cation cal r^2s: Li+= 0.99998, Na+= 0.99998, NH4+= 0.99815, K+= 0.99999, Mg2+= 0.99994, Ca2+= 0.99998",20220214_Readme_Raw_Ions_COMPASS_EXCHANGE_EC1_n16.xlsx,NA
C-3200x,13,NA,1,NA,20220214_Readme_Raw_Ions_COMPASS_EXCHANGE_EC1_n16.xlsx,NA
C-1600x,14,NA,1,NA,20220214_Readme_Raw_Ions_COMPASS_EXCHANGE_EC1_n16.xlsx,NA
C-200x,15,NA,1,NA,20220214_Readme_Raw_Ions_COMPASS_EXCHANGE_EC1_n16.xlsx,NA
C-20x,16,NA,1,NA,20220214_Readme_Raw_Ions_COMPASS_EXCHANGE_EC1_n16.xlsx,NA
C-5x,17,NA,1,NA,20220214_Readme_Raw_Ions_COMPASS_EXCHANGE_EC1_n16.xlsx,NA
Blank3,18,NA,1,"F-= 0.0195, Cl-= 2.2864, SO4(2-)= 0.0887, Br-= 0.1193, NO2-= 0.0180, Li+= 0.0256, Na+= 0.0992, K+= 0.2216, Mg2+= 0.2145, Ca2+= 0.1616",20220214_Readme_Raw_Ions_COMPASS_EXCHANGE_EC1_n16.xlsx,NA
Blank4,19,NA,1,"F-= 1.5837, SO4(2-)= 0.0846, Br-= 0.1150, NO2-= 0.0248, NO3-= 0.0069, Na+= 0.0796, K+= 0.1556, Mg2+= 0.0184",20220214_Readme_Raw_Ions_COMPASS_EXCHANGE_EC1_n16.xlsx,NA
EC1_K024,20,NA,100,NA,20220214_Readme_Raw_Ions_COMPASS_EXCHANGE_EC1_n16.xlsx,NA
EC1_K030,21,NA,100,NA,20220214_Readme_Raw_Ions_COMPASS_EXCHANGE_EC1_n16.xlsx,NA
EC1_K052,22,NA,100,NA,20220214_Readme_Raw_Ions_COMPASS_EXCHANGE_EC1_n16.xlsx,NA
EC1_K058,23,Omit,100,NA,20220214_Readme_Raw_Ions_COMPASS_EXCHANGE_EC1_n16.xlsx,NA
EC1_K046,24,Omit,100,NA,20220214_Readme_Raw_Ions_COMPASS_EXCHANGE_EC1_n16.xlsx,NA
Blank5,25,Blank correct,1,"F-= 0.0231, Cl-= 0.9422, SO4(2-)= 0.0996, Br-= 0.1165, NO2-= 0.0122, NO3-= 0.0076, Na+= 0.1042, K+= 0.1543, Mg2+= 0.0262",20220214_Readme_Raw_Ions_COMPASS_EXCHANGE_EC1_n16.xlsx,NA
EC1_K015,26,Omit,100,NA,20220214_Readme_Raw_Ions_COMPASS_EXCHANGE_EC1_n16.xlsx,NA
EC1_K056,27,Omit,100,NA,20220214_Readme_Raw_Ions_COMPASS_EXCHANGE_EC1_n16.xlsx,NA
EC1_K018,28,NA,200,NA,20220214_Readme_Raw_Ions_COMPASS_EXCHANGE_EC1_n16.xlsx,NA
EC1_K016,29,NA,200,NA,20220214_Readme_Raw_Ions_COMPASS_EXCHANGE_EC1_n16.xlsx,NA
Blank6,30,Blank correct,1,"F-= 0.0215, Cl-= 0.8016, SO4(2-)= 0.1044, NO2-= 0.0145, Na+= 0.1074, K+= 0.1373, Mg2+= 0.0199",20220214_Readme_Raw_Ions_COMPASS_EXCHANGE_EC1_n16.xlsx,NA
CKSTD1_A-200x,31,NA,1,"Cl-= 0.9676, SO4(2-)= 0.4871, Br-= 0.4778, PO4(3-)= 1.3475, NO2-= 0.4979, NO3-= 0.4778",20220214_Readme_Raw_Ions_COMPASS_EXCHANGE_EC1_n16.xlsx,NA
CKSTD2_C-200x,32,NA,1,"Li+= 0.2360, Na+= 1.0458, NH4+= 1.1517, K+= 2.7237, Mg2+= 1.1516, Ca2+= 2.7282",20220214_Readme_Raw_Ions_COMPASS_EXCHANGE_EC1_n16.xlsx,NA
Blank7,33,Blank correct,1,"F-= 0.0258, Cl-= 0.5442, SO4(2-)= 0.0953, NO2-= 0.0118, NO3-= 0.0021, Na+= 0.0960, K+= 0.3204, Mg2+= 0.0400",20220214_Readme_Raw_Ions_COMPASS_EXCHANGE_EC1_n16.xlsx,NA
EC1_K043,34,NA,200,NA,20220214_Readme_Raw_Ions_COMPASS_EXCHANGE_EC1_n16.xlsx,NA
EC1_K026,35,Omit,200,NA,20220214_Readme_Raw_Ions_COMPASS_EXCHANGE_EC1_n16.xlsx,NA
EC1_K040,36,Omit,200,NA,20220214_Readme_Raw_Ions_COMPASS_EXCHANGE_EC1_n16.xlsx,NA
EC1_K041,37,Omit,200,NA,20220214_Readme_Raw_Ions_COMPASS_EXCHANGE_EC1_n16.xlsx,NA
Blank8,38,Blank correct,1,"Cl-= 0.7980, SO4(2-)= 0.1143, Br-= 0.1690, Na+= 0.1864, K+= 0.1578, Mg2+= 0.0309",20220214_Readme_Raw_Ions_COMPASS_EXCHANGE_EC1_n16.xlsx,NA
EC1_K014,39,NA,100,NA,20220214_Readme_Raw_Ions_COMPASS_EXCHANGE_EC1_n16.xlsx,NA
EC1_K057,40,NA,100,NA,20220214_Readme_Raw_Ions_COMPASS_EXCHANGE_EC1_n16.xlsx,NA
EC1_K001,41,NA,100,NA,20220214_Readme_Raw_Ions_COMPASS_EXCHANGE_EC1_n16.xlsx,NA
Blank9,42,Blank correct,1,"F-= 0.0219, Cl-= 0.3285, SO4(2-)= 0.0992, Br-= 0.1213, Na+= 0.0938, K+= 0.1370, Mg2+= 0.0138",20220214_Readme_Raw_Ions_COMPASS_EXCHANGE_EC1_n16.xlsx,NA
CKSTD3_A-200x,43,NA,1,"Cl-= 0.6885, SO4(2-)= 0.5178, Br-= 0.5229, PO4(3-)= 1.4418, NO2-= 0.5562, NO3-= 0.5489",20220214_Readme_Raw_Ions_COMPASS_EXCHANGE_EC1_n16.xlsx,NA
CKSTD4_C-200x,44,NA,1,"Li+= 0.2360, Na+= 0.9747, NH4+= 1.1875, K+= 2.5365, Mg2+= 1.1218, Ca2+= 2.3732",20220214_Readme_Raw_Ions_COMPASS_EXCHANGE_EC1_n16.xlsx,NA
Blank10,45,Blank correct,1,"F-= 0.0230, Cl-= 0.2327, SO4(2-)= 0.0892, NO2-= 0.0112, NO3-= 0.0054, Na+= 0.0834, K+= 0.1309, Mg2+= 0.0134",20220214_Readme_Raw_Ions_COMPASS_EXCHANGE_EC1_n16.xlsx,NA
Blank11,46,Blank correct,1,"F-= 0.0254, Cl-= 0.2134, SO4(2-)= 0.0901, Br-= 0.1234, NO2-= 0.0137, NO3-= 0.0194, Na+= 0.0835, K+= 0.1343, Mg2+= 0.0171",20220214_Readme_Raw_Ions_COMPASS_EXCHANGE_EC1_n16.xlsx,NA
CondBlank1,1,NA,1,"General note: K037, K060, K062 have not been re-ran yet, all were above cal curve for chloride",20220211_Readme_Raw_Ions_COMPASS_EXCHANGE_EC1_n20.xlsx,NA
CondBlank2,2,NA,1,NA,20220211_Readme_Raw_Ions_COMPASS_EXCHANGE_EC1_n20.xlsx,NA
CondBlank3,3,NA,1,NA,20220211_Readme_Raw_Ions_COMPASS_EXCHANGE_EC1_n20.xlsx,NA
A-6400x,4,NA,1,"anion r^2s: F-= 0.99979, Cl-= 0.99985, SO4(2-)= 0.99974, Br-= 0.99900, PO4(3-)= 0.99965, NO2-= 0.99995, NO3-= 0.99999",20220211_Readme_Raw_Ions_COMPASS_EXCHANGE_EC1_n20.xlsx,NA
A-3200x,5,NA,1,"cation r^2s: Li+= 0.99978, Na+= 0.99952, NH4+= 0.99734, K+= 0.99966, Mg2+= 0.99987, Ca2+= 0.99982",20220211_Readme_Raw_Ions_COMPASS_EXCHANGE_EC1_n20.xlsx,NA
A-1600x,6,NA,1,NA,20220211_Readme_Raw_Ions_COMPASS_EXCHANGE_EC1_n20.xlsx,NA
A-200x,7,NA,1,NA,20220211_Readme_Raw_Ions_COMPASS_EXCHANGE_EC1_n20.xlsx,NA
A-20x,8,NA,1,NA,20220211_Readme_Raw_Ions_COMPASS_EXCHANGE_EC1_n20.xlsx,NA
A-5x,9,NA,1,NA,20220211_Readme_Raw_Ions_COMPASS_EXCHANGE_EC1_n20.xlsx,NA
Blank1,10,NA,1,"Cl-= 0.0934, SO4(2-)= 0.0924, Br-= 0.1803",20220211_Readme_Raw_Ions_COMPASS_EXCHANGE_EC1_n20.xlsx,NA
Blank2,11,NA,1,"Cl-= 0.0854, SO4(2-)= 0.0903, Br-= 0.1659",20220211_Readme_Raw_Ions_COMPASS_EXCHANGE_EC1_n20.xlsx,NA
C-6400x,12,NA,1,"cation r^2s: Li+= 0.99978, Na+= 0.99952, NH4+= 0.99734, K+= 0.99966, Mg2+= 0.99987, Ca2+= 0.99982",20220211_Readme_Raw_Ions_COMPASS_EXCHANGE_EC1_n20.xlsx,NA
C-3200x,13,NA,1,NA,20220211_Readme_Raw_Ions_COMPASS_EXCHANGE_EC1_n20.xlsx,NA
C-1600x,14,NA,1,NA,20220211_Readme_Raw_Ions_COMPASS_EXCHANGE_EC1_n20.xlsx,NA
C-200x,15,NA,1,NA,20220211_Readme_Raw_Ions_COMPASS_EXCHANGE_EC1_n20.xlsx,NA
C-20x,16,NA,1,NA,20220211_Readme_Raw_Ions_COMPASS_EXCHANGE_EC1_n20.xlsx,NA
C-5x,17,NA,1,NA,20220211_Readme_Raw_Ions_COMPASS_EXCHANGE_EC1_n20.xlsx,NA
Blank3,18,NA,1,"F-= 0.0490, Cl-= 2.2359, SO4(2-)= 0.0806, Br-= 0.1267, Na+= 0.2168, K+= 0.4423, Mg2+= 0.1788, Ca2+= 0.2869",20220211_Readme_Raw_Ions_COMPASS_EXCHANGE_EC1_n20.xlsx,NA
Blank4,19,NA,1,"Cl-= 1.7040, SO4(2-)= 0.0836, Br-= 0.1789, Na+= 0.2253, K+= 0.4460, Mg2+= 0.1692, Ca2+= 0.2719, NO3-= 0.0786",20220211_Readme_Raw_Ions_COMPASS_EXCHANGE_EC1_n20.xlsx,NA
EC1_K021,20,NA,1,NA,20220211_Readme_Raw_Ions_COMPASS_EXCHANGE_EC1_n20.xlsx,NA
EC1_K048,21,NA,1,NA,20220211_Readme_Raw_Ions_COMPASS_EXCHANGE_EC1_n20.xlsx,NA
EC1_K042,22,NA,1,NA,20220211_Readme_Raw_Ions_COMPASS_EXCHANGE_EC1_n20.xlsx,NA
EC1_K010,23,NA,1,NA,20220211_Readme_Raw_Ions_COMPASS_EXCHANGE_EC1_n20.xlsx,NA
EC1_K047,24,NA,1,NA,20220211_Readme_Raw_Ions_COMPASS_EXCHANGE_EC1_n20.xlsx,NA
Blank5,25,Blank correct,1,"F-= 0.0097, Cl-= 0.9212, SO4(2-)= 0.0964, Br-= 0.1444, Na+= 0.2417, K+= 0.4271, Mg2+= 0.2063, Ca2+= 0.4916. NO3-= 0.0227",20220211_Readme_Raw_Ions_COMPASS_EXCHANGE_EC1_n20.xlsx,NA
EC1_K013,26,NA,1,NA,20220211_Readme_Raw_Ions_COMPASS_EXCHANGE_EC1_n20.xlsx,NA
EC1_K037,27,Omit,1,NA,20220211_Readme_Raw_Ions_COMPASS_EXCHANGE_EC1_n20.xlsx,NA
EC1_K034,28,NA,50,NA,20220211_Readme_Raw_Ions_COMPASS_EXCHANGE_EC1_n20.xlsx,NA
EC1_K025,29,NA,50,NA,20220211_Readme_Raw_Ions_COMPASS_EXCHANGE_EC1_n20.xlsx,NA
EC1_K017,30,NA,50,NA,20220211_Readme_Raw_Ions_COMPASS_EXCHANGE_EC1_n20.xlsx,NA
Blank6,31,Blank correct,1,"F-= 0.0439, Cl-= 0.6147, SO4(2-)= 0.0976, Br-= 0.1306, Na+= 0.2260, K+= 0.4063, Mg2+= 0.1799, Ca2+= 0.2633, NO3-= 0.0030",20220211_Readme_Raw_Ions_COMPASS_EXCHANGE_EC1_n20.xlsx,NA
CKSTD1_A-200x,32,NA,1,"F-= 0.0905, Cl-= 0.9202, SO4(2-)= 0.5391, Br-= 0.5686, PO4(3-)= 1.3778, NO2-= 0.4831, NO3-= 0.5573",20220211_Readme_Raw_Ions_COMPASS_EXCHANGE_EC1_n20.xlsx,NA
CKSTD2_C-200x,33,NA,1,"Li+= 0.2391, Na+= 1.1353, NH4+= 1.2181, K+= 2.8891, Mg2+= 1.2908, Ca2+= 2.9991",20220211_Readme_Raw_Ions_COMPASS_EXCHANGE_EC1_n20.xlsx,NA
Blank7,34,Blank correct,1,"F-= 0.0463, Cl-= 0.4465, SO4(2-)= 0.0920, Br-= 0.1393, NO3-= 0.0185",20220211_Readme_Raw_Ions_COMPASS_EXCHANGE_EC1_n20.xlsx,NA
EC1_K029,35,NA,50,NA,20220211_Readme_Raw_Ions_COMPASS_EXCHANGE_EC1_n20.xlsx,NA
EC1_K044,36,NA,50,NA,20220211_Readme_Raw_Ions_COMPASS_EXCHANGE_EC1_n20.xlsx,NA
EC1_K036,37,NA,50,NA,20220211_Readme_Raw_Ions_COMPASS_EXCHANGE_EC1_n20.xlsx,NA
EC1_K060,38,Omit,50,NA,20220211_Readme_Raw_Ions_COMPASS_EXCHANGE_EC1_n20.xlsx,NA
EC1_K062,39,NA,50,NA,20220211_Readme_Raw_Ions_COMPASS_EXCHANGE_EC1_n20.xlsx,NA
Blank8,40,Blank correct:,1,"F-= 0.0463, Cl-= 0.6022, SO4(2-)= 0.0969, Br-= 0.1283, Na+= 0.2318, K+= 0.4083, Mg2+= 0.1753, Ca2+= 0.2455",20220211_Readme_Raw_Ions_COMPASS_EXCHANGE_EC1_n20.xlsx,NA
EC1_K054,41,NA,100,NA,20220211_Readme_Raw_Ions_COMPASS_EXCHANGE_EC1_n20.xlsx,NA
EC1_K035,42,NA,100,NA,20220211_Readme_Raw_Ions_COMPASS_EXCHANGE_EC1_n20.xlsx,NA
EC1_K061,43,Omit,100,NA,20220211_Readme_Raw_Ions_COMPASS_EXCHANGE_EC1_n20.xlsx,NA
EC1_K051,44,NA,100,NA,20220211_Readme_Raw_Ions_COMPASS_EXCHANGE_EC1_n20.xlsx,NA
EC1_K059,45,NA,100,NA,20220211_Readme_Raw_Ions_COMPASS_EXCHANGE_EC1_n20.xlsx,NA
Blank9,46,Blank correct:,1,"Cl-= 0.7362, SO4(2-)= 0.1151, Br-= 0.2631, Na+= 0.2808, K+= 0.4476, Mg2+= 0.1814, Ca2+= 0.3957, NO3-= 0.2334",20220211_Readme_Raw_Ions_COMPASS_EXCHANGE_EC1_n20.xlsx,NA
CKSTD3_A-200x,47,NA,1,"F-= 0.0973, Cl-= 0.8509, SO4(2-)= 0.5235, Br-= 0.5344, PO4(3-)= 1.3489, NO2-= 0.4663, NO3-= 0.5090",20220211_Readme_Raw_Ions_COMPASS_EXCHANGE_EC1_n20.xlsx,NA
CKSTD4_C-200x,48,NA,1,"Li+= 0.2409, Na+= 1.2525, NH4+= 1.1820, K+= 2.9253, Mg2+= 1.3058, Ca2+= 3.0867",20220211_Readme_Raw_Ions_COMPASS_EXCHANGE_EC1_n20.xlsx,NA
Blank10,49,Blank correct,1,"Cl-= 0.4911, SO4(2-)= 0.0935, Br-= 0.1642, Na+= 0.2410, K+= 0.4236, Mg2+= 0.1698, Ca2+= 0.2770, NO3-= 0.0594",20220211_Readme_Raw_Ions_COMPASS_EXCHANGE_EC1_n20.xlsx,NA
Blank11,50,Blank correct,1,"Cl-= 0.3247, SO4(2-)= 0.0888, Na+= 0.2180, K+= 0.4019, Mg2+= 0.1734, Ca2+= 0.2516",20220211_Readme_Raw_Ions_COMPASS_EXCHANGE_EC1_n20.xlsx,NA
CondBlank1,NA,NA,1,"GENERAL NOTE: only anions CD_1, and CD_2 uploaded and checked for quality",20221003_Readme_Raw_Ions_COMPASS_EXCHANGE_EC1_n21.xlsx,NA
CondBlank2,NA,NA,1,NA,20221003_Readme_Raw_Ions_COMPASS_EXCHANGE_EC1_n21.xlsx,NA
CondBlank3,NA,NA,1,NA,20221003_Readme_Raw_Ions_COMPASS_EXCHANGE_EC1_n21.xlsx,NA
A-1600,NA,NA,1,"r^2s: F-= 0.99992, Cl-= 0.99991, SO4(2-)= 0.99987, Br-= 0.99989, PO4(3-)= 0.99859",20221003_Readme_Raw_Ions_COMPASS_EXCHANGE_EC1_n21.xlsx,NA
A-800,NA,NA,1,NA,20221003_Readme_Raw_Ions_COMPASS_EXCHANGE_EC1_n21.xlsx,NA
A-400,NA,NA,1,NA,20221003_Readme_Raw_Ions_COMPASS_EXCHANGE_EC1_n21.xlsx,NA
A-200,NA,NA,1,NA,20221003_Readme_Raw_Ions_COMPASS_EXCHANGE_EC1_n21.xlsx,NA
A-20,NA,NA,1,NA,20221003_Readme_Raw_Ions_COMPASS_EXCHANGE_EC1_n21.xlsx,NA
A-5,NA,NA,1,NA,20221003_Readme_Raw_Ions_COMPASS_EXCHANGE_EC1_n21.xlsx,NA
Blank1,NA,NA,1,NA,20221003_Readme_Raw_Ions_COMPASS_EXCHANGE_EC1_n21.xlsx,NA
Blank2,NA,NA,1,NA,20221003_Readme_Raw_Ions_COMPASS_EXCHANGE_EC1_n21.xlsx,NA
C-1600,NA,NA,1,"r^2s: Li+= 0.99998, Na+= 0.99996, NH4+= 0.97893, K+= 1.00000, Mg2+= 0.99949, Ca2+= 0.99897",20221003_Readme_Raw_Ions_COMPASS_EXCHANGE_EC1_n21.xlsx,NA
C-800,NA,NA,1,NA,20221003_Readme_Raw_Ions_COMPASS_EXCHANGE_EC1_n21.xlsx,NA
C-400,NA,NA,1,NA,20221003_Readme_Raw_Ions_COMPASS_EXCHANGE_EC1_n21.xlsx,NA
C-200,NA,NA,1,NA,20221003_Readme_Raw_Ions_COMPASS_EXCHANGE_EC1_n21.xlsx,NA
C-20,NA,NA,1,NA,20221003_Readme_Raw_Ions_COMPASS_EXCHANGE_EC1_n21.xlsx,NA
C-5,NA,NA,1,NA,20221003_Readme_Raw_Ions_COMPASS_EXCHANGE_EC1_n21.xlsx,NA
Blank3,NA,NA,1,NA,20221003_Readme_Raw_Ions_COMPASS_EXCHANGE_EC1_n21.xlsx,NA
Blank4,NA,NA,1,NA,20221003_Readme_Raw_Ions_COMPASS_EXCHANGE_EC1_n21.xlsx,NA
EC1_K017,NA,NA,25,NA,20221003_Readme_Raw_Ions_COMPASS_EXCHANGE_EC1_n21.xlsx,NA
EC1_K025,NA,NA,25,NA,20221003_Readme_Raw_Ions_COMPASS_EXCHANGE_EC1_n21.xlsx,NA
EC1_K029,NA,NA,25,NA,20221003_Readme_Raw_Ions_COMPASS_EXCHANGE_EC1_n21.xlsx,NA
EC1_K036,NA,NA,25,NA,20221003_Readme_Raw_Ions_COMPASS_EXCHANGE_EC1_n21.xlsx,NA
EC1_K044,NA,NA,25,NA,20221003_Readme_Raw_Ions_COMPASS_EXCHANGE_EC1_n21.xlsx,NA
EC1_K062,NA,NA,25,NA,20221003_Readme_Raw_Ions_COMPASS_EXCHANGE_EC1_n21.xlsx,NA
EC1_K001,NA,NA,50,NA,20221003_Readme_Raw_Ions_COMPASS_EXCHANGE_EC1_n21.xlsx,NA
EC1_K014,NA,NA,50,NA,20221003_Readme_Raw_Ions_COMPASS_EXCHANGE_EC1_n21.xlsx,NA
CKSTD1_A-200x,NA,NA,1,NA,20221003_Readme_Raw_Ions_COMPASS_EXCHANGE_EC1_n21.xlsx,NA
CKSTD2_C-200x,NA,NA,1,NA,20221003_Readme_Raw_Ions_COMPASS_EXCHANGE_EC1_n21.xlsx,NA
Blank5,NA,NA,1,NA,20221003_Readme_Raw_Ions_COMPASS_EXCHANGE_EC1_n21.xlsx,NA
EC1_K015,NA,NA,50,NA,20221003_Readme_Raw_Ions_COMPASS_EXCHANGE_EC1_n21.xlsx,NA
EC1_K024,NA,NA,50,NA,20221003_Readme_Raw_Ions_COMPASS_EXCHANGE_EC1_n21.xlsx,NA
EC1_K030,NA,NA,50,NA,20221003_Readme_Raw_Ions_COMPASS_EXCHANGE_EC1_n21.xlsx,NA
EC1_K035,NA,NA,50,NA,20221003_Readme_Raw_Ions_COMPASS_EXCHANGE_EC1_n21.xlsx,NA
EC1_K051,NA,NA,50,NA,20221003_Readme_Raw_Ions_COMPASS_EXCHANGE_EC1_n21.xlsx,NA
EC1_K052,NA,NA,50,NA,20221003_Readme_Raw_Ions_COMPASS_EXCHANGE_EC1_n21.xlsx,NA
EC1_K054,NA,NA,50,NA,20221003_Readme_Raw_Ions_COMPASS_EXCHANGE_EC1_n21.xlsx,NA
CKSTD3_A-200x,NA,NA,1,NA,20221003_Readme_Raw_Ions_COMPASS_EXCHANGE_EC1_n21.xlsx,NA
CKSTD4_C-200x,NA,NA,1,NA,20221003_Readme_Raw_Ions_COMPASS_EXCHANGE_EC1_n21.xlsx,NA
Blank6,NA,NA,1,NA,20221003_Readme_Raw_Ions_COMPASS_EXCHANGE_EC1_n21.xlsx,NA
EC1_K056,NA,NA,50,NA,20221003_Readme_Raw_Ions_COMPASS_EXCHANGE_EC1_n21.xlsx,NA
EC1_K058,NA,NA,50,NA,20221003_Readme_Raw_Ions_COMPASS_EXCHANGE_EC1_n21.xlsx,NA
EC1_K059,NA,NA,50,NA,20221003_Readme_Raw_Ions_COMPASS_EXCHANGE_EC1_n21.xlsx,NA
EC1_K061,NA,NA,50,NA,20221003_Readme_Raw_Ions_COMPASS_EXCHANGE_EC1_n21.xlsx,NA
EC1_K026,NA,NA,100,NA,20221003_Readme_Raw_Ions_COMPASS_EXCHANGE_EC1_n21.xlsx,NA
EC1_K040,NA,NA,100,NA,20221003_Readme_Raw_Ions_COMPASS_EXCHANGE_EC1_n21.xlsx,NA
CKSTD5_A-200x,NA,NA,1,NA,20221003_Readme_Raw_Ions_COMPASS_EXCHANGE_EC1_n21.xlsx,NA
CKSTD6_C-200x,NA,NA,1,NA,20221003_Readme_Raw_Ions_COMPASS_EXCHANGE_EC1_n21.xlsx,NA
Blank7,NA,NA,1,NA,20221003_Readme_Raw_Ions_COMPASS_EXCHANGE_EC1_n21.xlsx,NA
CondBlank1,NA,NA,NA,GENERAL NOTE: only use for Cl- concentrations past K045 due to instrument leak on cations side causing a lot of noise and inaccurate results.,20221013_Readme_Raw_COMPASS_EXCHANGE_EC1_n22.xlsx,1
CondBlank2,NA,NA,NA,NA,20221013_Readme_Raw_COMPASS_EXCHANGE_EC1_n22.xlsx,2
CondBlank3,NA,NA,NA,NA,20221013_Readme_Raw_COMPASS_EXCHANGE_EC1_n22.xlsx,3
A-800x,NA,NA,NA,"r^2: -= 0.99921, Cl-= 0.99996, SO4(2-)= 0.99995, Br-= 0.99989, PO4(3-)= 0.99939",20221013_Readme_Raw_COMPASS_EXCHANGE_EC1_n22.xlsx,4
A-400x,NA,NA,NA,NA,20221013_Readme_Raw_COMPASS_EXCHANGE_EC1_n22.xlsx,5
A-200x,NA,NA,NA,NA,20221013_Readme_Raw_COMPASS_EXCHANGE_EC1_n22.xlsx,6
A-20x,NA,NA,NA,NA,20221013_Readme_Raw_COMPASS_EXCHANGE_EC1_n22.xlsx,7
A-5x,NA,NA,NA,NA,20221013_Readme_Raw_COMPASS_EXCHANGE_EC1_n22.xlsx,8
A-2.5x,NA,NA,NA,NA,20221013_Readme_Raw_COMPASS_EXCHANGE_EC1_n22.xlsx,9
Blank1,NA,NA,NA,NA,20221013_Readme_Raw_COMPASS_EXCHANGE_EC1_n22.xlsx,10
Blank2,NA,NA,NA,NA,20221013_Readme_Raw_COMPASS_EXCHANGE_EC1_n22.xlsx,11
C-800x,NA,NA,NA,"r^2: Li+= 1.00000, Na+= 0.99998, NH4+= 0.92577, K+= 0.99999, Mg2+= 0.99966, Ca2+= 0.99924",20221013_Readme_Raw_COMPASS_EXCHANGE_EC1_n22.xlsx,12
C-400x,NA,NA,NA,NA,20221013_Readme_Raw_COMPASS_EXCHANGE_EC1_n22.xlsx,13
C-200x,NA,NA,NA,NA,20221013_Readme_Raw_COMPASS_EXCHANGE_EC1_n22.xlsx,14
C-20x,NA,NA,NA,NA,20221013_Readme_Raw_COMPASS_EXCHANGE_EC1_n22.xlsx,15
C-5x,NA,NA,NA,NA,20221013_Readme_Raw_COMPASS_EXCHANGE_EC1_n22.xlsx,16
C-2.5x,NA,NA,NA,NA,20221013_Readme_Raw_COMPASS_EXCHANGE_EC1_n22.xlsx,17
Blank3,NA,NA,NA,NA,20221013_Readme_Raw_COMPASS_EXCHANGE_EC1_n22.xlsx,18
Blank4,NA,NA,NA,NA,20221013_Readme_Raw_COMPASS_EXCHANGE_EC1_n22.xlsx,19
EC1_K008,NA,NA,1,NA,20221013_Readme_Raw_COMPASS_EXCHANGE_EC1_n22.xlsx,20
EC1_K009,NA,NA,1,NA,20221013_Readme_Raw_COMPASS_EXCHANGE_EC1_n22.xlsx,21
EC1_K011,NA,NA,1,NA,20221013_Readme_Raw_COMPASS_EXCHANGE_EC1_n22.xlsx,22
EC1_K013,NA,NA,1,NA,20221013_Readme_Raw_COMPASS_EXCHANGE_EC1_n22.xlsx,23
EC1_K022,NA,NA,1,NA,20221013_Readme_Raw_COMPASS_EXCHANGE_EC1_n22.xlsx,24
EC1_K033,NA,NA,1,NA,20221013_Readme_Raw_COMPASS_EXCHANGE_EC1_n22.xlsx,25
EC1_K045,NA,NA,1,NA,20221013_Readme_Raw_COMPASS_EXCHANGE_EC1_n22.xlsx,26
EC1_K050,NA,NA,1,NA,20221013_Readme_Raw_COMPASS_EXCHANGE_EC1_n22.xlsx,27
CKSTD1_A-200x,NA,NA,NA,"F-= 0.0781, Cl-= 0.7235, SO4(2-)= 0.5507, Br-= 0.4557, PO4(3-)= 1.3011",20221013_Readme_Raw_COMPASS_EXCHANGE_EC1_n22.xlsx,28
CKSTD2_C-200x,NA,NA,NA,NA,20221013_Readme_Raw_COMPASS_EXCHANGE_EC1_n22.xlsx,29
Blank5,NA,NA,NA,"Cl-= 0.2468, SO4(2-)= 0.1508, Br-= 0.0609",20221013_Readme_Raw_COMPASS_EXCHANGE_EC1_n22.xlsx,30
EC1_K055,NA,NA,1,NA,20221013_Readme_Raw_COMPASS_EXCHANGE_EC1_n22.xlsx,31
EC1_K004,NA,NA,5,NA,20221013_Readme_Raw_COMPASS_EXCHANGE_EC1_n22.xlsx,32
EC1_K010,NA,NA,5,NA,20221013_Readme_Raw_COMPASS_EXCHANGE_EC1_n22.xlsx,33
EC1_K012,NA,NA,5,NA,20221013_Readme_Raw_COMPASS_EXCHANGE_EC1_n22.xlsx,34
EC1_K021,NA,NA,5,NA,20221013_Readme_Raw_COMPASS_EXCHANGE_EC1_n22.xlsx,35
EC1_K023,NA,NA,5,NA,20221013_Readme_Raw_COMPASS_EXCHANGE_EC1_n22.xlsx,36
EC1_K042,NA,NA,5,NA,20221013_Readme_Raw_COMPASS_EXCHANGE_EC1_n22.xlsx,37
CKSTD3_A-200x,NA,NA,NA,"F-= 0.0766, Cl-= 0.5959, SO4(2-)= 0.5372, Br-= 0.4470, PO4(3-)= 1.3115",20221013_Readme_Raw_COMPASS_EXCHANGE_EC1_n22.xlsx,38
CKSTD4_C-200x,NA,NA,NA,NA,20221013_Readme_Raw_COMPASS_EXCHANGE_EC1_n22.xlsx,39
Blank6,NA,NA,NA,"Cl-= 0.1714, SO4(2-)= 0.1432, Br-= 0.0556",20221013_Readme_Raw_COMPASS_EXCHANGE_EC1_n22.xlsx,40
EC1_K047,NA,NA,5,NA,20221013_Readme_Raw_COMPASS_EXCHANGE_EC1_n22.xlsx,41
EC1_K053,NA,NA,5,NA,20221013_Readme_Raw_COMPASS_EXCHANGE_EC1_n22.xlsx,42
EC1_K034,NA,NA,50,NA,20221013_Readme_Raw_COMPASS_EXCHANGE_EC1_n22.xlsx,43
EC1_K044,NA,Omit,50,Cl- above cal curve,20221013_Readme_Raw_COMPASS_EXCHANGE_EC1_n22.xlsx,44
EC1_K048,NA,NA,50,NA,20221013_Readme_Raw_COMPASS_EXCHANGE_EC1_n22.xlsx,45
EC1_K017,NA,NA,100,need to re-run for cations,20221013_Readme_Raw_COMPASS_EXCHANGE_EC1_n22.xlsx,46
EC1_K029,NA,NA,100,need to re-run for cations,20221013_Readme_Raw_COMPASS_EXCHANGE_EC1_n22.xlsx,47
CKSTD5_A-200x,NA,NA,NA,"F-= 0.0775, Cl-= 0.6149, SO4(2-)= 0.5425, Br-= 0.4477, PO4(3-)= 1.3370",20221013_Readme_Raw_COMPASS_EXCHANGE_EC1_n22.xlsx,48
CKSTD6_C-200x,NA,NA,NA,NA,20221013_Readme_Raw_COMPASS_EXCHANGE_EC1_n22.xlsx,49
Blank7,NA,NA,NA,"F-= 0.0602, Cl-= 0.1926, Br-= 0.0907",20221013_Readme_Raw_COMPASS_EXCHANGE_EC1_n22.xlsx,50
CondBlank1,NA,NA,NA,"GENERAL NOTE: Re-run for Cl-, Na+, Mg2+, Ca2+. peaks, cal curves, checks good. Need to work on NH4+ method- r^2 a bit low.",20221103_Readme_COMPASS_EXCHANGE_EC1_n5.xlsx,1
CondBlank2,NA,NA,NA,NA,20221103_Readme_COMPASS_EXCHANGE_EC1_n5.xlsx,2
CondBlank3,NA,NA,NA,NA,20221103_Readme_COMPASS_EXCHANGE_EC1_n5.xlsx,3
A-800,NA,NA,NA,"anion r^2s: F-= 0.99996, Cl-= 0.99995, SO4(2-)= 0.99994, Br-= 0.99990, PO4(3-)= 0.99938",20221103_Readme_COMPASS_EXCHANGE_EC1_n5.xlsx,4
A-400,NA,NA,NA,NA,20221103_Readme_COMPASS_EXCHANGE_EC1_n5.xlsx,5
A-200,NA,NA,NA,NA,20221103_Readme_COMPASS_EXCHANGE_EC1_n5.xlsx,6
A-20,NA,NA,NA,NA,20221103_Readme_COMPASS_EXCHANGE_EC1_n5.xlsx,7
A-5,NA,NA,NA,NA,20221103_Readme_COMPASS_EXCHANGE_EC1_n5.xlsx,8
A-2.5,NA,NA,NA,NA,20221103_Readme_COMPASS_EXCHANGE_EC1_n5.xlsx,9
Blank1,NA,NA,NA,NA,20221103_Readme_COMPASS_EXCHANGE_EC1_n5.xlsx,10
Blank2,NA,NA,NA,NA,20221103_Readme_COMPASS_EXCHANGE_EC1_n5.xlsx,11
C-800,NA,NA,NA,"cation r^2s: Li+= 0.99995, Na+= 0.99993, NH4+= 0.98161, K+= 0.99999, Mg2+= 0.99910, Ca2+= 0.99906",20221103_Readme_COMPASS_EXCHANGE_EC1_n5.xlsx,12
C-400,NA,NA,NA,NA,20221103_Readme_COMPASS_EXCHANGE_EC1_n5.xlsx,13
C-200,NA,NA,NA,NA,20221103_Readme_COMPASS_EXCHANGE_EC1_n5.xlsx,14
C-20,NA,NA,NA,NA,20221103_Readme_COMPASS_EXCHANGE_EC1_n5.xlsx,15
C-5,NA,NA,NA,NA,20221103_Readme_COMPASS_EXCHANGE_EC1_n5.xlsx,16
C-2.5,NA,NA,NA,NA,20221103_Readme_COMPASS_EXCHANGE_EC1_n5.xlsx,17
Blank3,NA,NA,NA,NA,20221103_Readme_COMPASS_EXCHANGE_EC1_n5.xlsx,18
Blank4,NA,NA,NA,NA,20221103_Readme_COMPASS_EXCHANGE_EC1_n5.xlsx,19
EC1_K017,NA,NA,100,Re-ran for cations due to instrument failure in previous run,20221103_Readme_COMPASS_EXCHANGE_EC1_n5.xlsx,20
EC1_K029,NA,NA,100,Re-ran for cations due to instrument failure in previous run,20221103_Readme_COMPASS_EXCHANGE_EC1_n5.xlsx,21
EC1_K036,NA,NA,300,NA,20221103_Readme_COMPASS_EXCHANGE_EC1_n5.xlsx,22
EC1_K030,NA,NA,200,NA,20221103_Readme_COMPASS_EXCHANGE_EC1_n5.xlsx,23
EC1_K044,NA,NA,100,NA,20221103_Readme_COMPASS_EXCHANGE_EC1_n5.xlsx,24
CKSTD1_A-200x,NA,NA,NA,"F-= 0.0784 ppm, Cl-= 0.8073 ppm, SO4(2-)= 0.5419 ppm, Br-= 0.4657 ppm, PO4(3-)= 1.3279",20221103_Readme_COMPASS_EXCHANGE_EC1_n5.xlsx,25
CKSTD2_C-200x,NA,NA,NA,"Li+= 0.2556 ppm, Na+= 1.0284 ppm, NH4+= 0.7206 ppm, K+= 2.5239 ppm, Mg2+= 1.4516 ppm, Ca2+= 2.8810 ppm",20221103_Readme_COMPASS_EXCHANGE_EC1_n5.xlsx,26
Blank5,NA,NA,NA,"Li+= 0.0369 ppm, Na+= 0.1435 ppm, K+= 0.1744 ppm, Mg2+= 0.4626 ppm, Ca2+= 0.9665 ppm, Cl-= 0.2768 ppm",20221103_Readme_COMPASS_EXCHANGE_EC1_n5.xlsx,27
CondBlank1,NA,NA,NA,"General note: Ca2+ ~1ppm high in checks, but with blank correction this should be okay. Cal curve 800 to 2.5x",20221019_Readme_COMPASS_EXCHANGE_EC1_N22.xlsx,1
CondBlank2,NA,NA,NA,NA,20221019_Readme_COMPASS_EXCHANGE_EC1_N22.xlsx,2
CondBlank3,NA,NA,NA,NA,20221019_Readme_COMPASS_EXCHANGE_EC1_N22.xlsx,3
A-800x,NA,NA,NA,"anion r^2s: F-= 0.99971, Cl-= 0.99996, SO4(2-)= 0.99994, Br-= 0.99982, PO4(3-)= 0.99925",20221019_Readme_COMPASS_EXCHANGE_EC1_N22.xlsx,4
A-400x,NA,NA,NA,NA,20221019_Readme_COMPASS_EXCHANGE_EC1_N22.xlsx,5
A-200x,NA,NA,NA,NA,20221019_Readme_COMPASS_EXCHANGE_EC1_N22.xlsx,6
A-20x,NA,NA,NA,NA,20221019_Readme_COMPASS_EXCHANGE_EC1_N22.xlsx,7
A-5x,NA,NA,NA,NA,20221019_Readme_COMPASS_EXCHANGE_EC1_N22.xlsx,8
A-2.5x,NA,NA,NA,NA,20221019_Readme_COMPASS_EXCHANGE_EC1_N22.xlsx,9
Blank1,NA,NA,NA,NA,20221019_Readme_COMPASS_EXCHANGE_EC1_N22.xlsx,10
Blank2,NA,NA,NA,NA,20221019_Readme_COMPASS_EXCHANGE_EC1_N22.xlsx,11
C-800x,NA,NA,NA,"cation r^2s: Li+= 0.99991, Na+= 0.99992, NH4+= 0.98592, K+= 0.99990, Mg2+= 0.99954, Ca2+= 0.99957",20221019_Readme_COMPASS_EXCHANGE_EC1_N22.xlsx,12
C-400x,NA,NA,NA,NA,20221019_Readme_COMPASS_EXCHANGE_EC1_N22.xlsx,13
C-200x,NA,NA,NA,NA,20221019_Readme_COMPASS_EXCHANGE_EC1_N22.xlsx,14
C-20x,NA,NA,NA,NA,20221019_Readme_COMPASS_EXCHANGE_EC1_N22.xlsx,15
C-5x,NA,NA,NA,NA,20221019_Readme_COMPASS_EXCHANGE_EC1_N22.xlsx,16
C-2.5x,NA,NA,NA,NA,20221019_Readme_COMPASS_EXCHANGE_EC1_N22.xlsx,17
Blank3,NA,NA,NA,NA,20221019_Readme_COMPASS_EXCHANGE_EC1_N22.xlsx,18
Blank4,NA,NA,NA,NA,20221019_Readme_COMPASS_EXCHANGE_EC1_N22.xlsx,19
EC1_K030,NA,Omit,100,Needs re-run Cl- still above cal curve,20221019_Readme_COMPASS_EXCHANGE_EC1_N22.xlsx,20
EC1_K036,NA,Omit,150,Needs re-run Cl- still above cal curve,20221019_Readme_COMPASS_EXCHANGE_EC1_N22.xlsx,21
EC1_K062,NA,NA,150,NA,20221019_Readme_COMPASS_EXCHANGE_EC1_N22.xlsx,22
EC1_K035,NA,NA,200,NA,20221019_Readme_COMPASS_EXCHANGE_EC1_N22.xlsx,23
EC1_K054,NA,NA,200,NA,20221019_Readme_COMPASS_EXCHANGE_EC1_N22.xlsx,24
EC1_K059,NA,NA,200,NA,20221019_Readme_COMPASS_EXCHANGE_EC1_N22.xlsx,25
EC1_K060,NA,NA,200,NA,20221019_Readme_COMPASS_EXCHANGE_EC1_N22.xlsx,26
EC1_K024,NA,NA,250,NA,20221019_Readme_COMPASS_EXCHANGE_EC1_N22.xlsx,27
CKSTD1_A-200x,NA,NA,NA,"SO4(2-) low in check, F-= 0.1162, Cl-= 0.9663, SO4(2-)= 0.2170, PO4(3-)= 1.7672",20221019_Readme_COMPASS_EXCHANGE_EC1_N22.xlsx,28
CKSTD2_C-200x,NA,NA,NA,"LI+= 0.2314, Na+= 1.0977, NH4+= na, K+= 2.3348, Mg2+= 1.6996, Ca2+= 3.4509",20221019_Readme_COMPASS_EXCHANGE_EC1_N22.xlsx,29
Blank5,NA,NA,NA,"Mg2+= 0.6532, Ca2+= 1.4645, F-= 0.0495, Cl-= 0.2357",20221019_Readme_COMPASS_EXCHANGE_EC1_N22.xlsx,30
EC1_K051,NA,NA,250,NA,20221019_Readme_COMPASS_EXCHANGE_EC1_N22.xlsx,31
EC1_K061,NA,NA,250,NA,20221019_Readme_COMPASS_EXCHANGE_EC1_N22.xlsx,32
EC1_K046,NA,NA,300,NA,20221019_Readme_COMPASS_EXCHANGE_EC1_N22.xlsx,33
EC1_K052,NA,NA,300,NA,20221019_Readme_COMPASS_EXCHANGE_EC1_N22.xlsx,34
EC1_K058,NA,NA,300,NA,20221019_Readme_COMPASS_EXCHANGE_EC1_N22.xlsx,35
EC1_K015,NA,NA,350,NA,20221019_Readme_COMPASS_EXCHANGE_EC1_N22.xlsx,36
EC1_K056,NA,NA,350,NA,20221019_Readme_COMPASS_EXCHANGE_EC1_N22.xlsx,37
CKSTD3_A-200x,NA,NA,NA,"F-= 0.1275, Cl-= 0.6294, SO4(2-)= 0.5446, Br-= 0.4550, PO4(3-)= 1.3811",20221019_Readme_COMPASS_EXCHANGE_EC1_N22.xlsx,38
CKSTD4_C-200x,NA,NA,NA,"Li+= 0.2290, Na+= 0.9294, NH4+= na, K+= 2.2302, Mg2+= 1.6533, Ca2+= 3.2660",20221019_Readme_COMPASS_EXCHANGE_EC1_N22.xlsx,39
Blank6,NA,NA,NA,"Mg2+= 0.6513, Ca2+= 1.4540, F-= 0.0432, Cl-= 0.1779",20221019_Readme_COMPASS_EXCHANGE_EC1_N22.xlsx,40
EC1_K016,NA,NA,400,NA,20221019_Readme_COMPASS_EXCHANGE_EC1_N22.xlsx,41
EC1_K018,NA,NA,400,NA,20221019_Readme_COMPASS_EXCHANGE_EC1_N22.xlsx,42
EC1_K043,NA,NA,400,NA,20221019_Readme_COMPASS_EXCHANGE_EC1_N22.xlsx,43
EC1_K026,NA,NA,600,NA,20221019_Readme_COMPASS_EXCHANGE_EC1_N22.xlsx,44
EC1_K040,NA,NA,650,NA,20221019_Readme_COMPASS_EXCHANGE_EC1_N22.xlsx,45
EC1_K041,NA,NA,650,NA,20221019_Readme_COMPASS_EXCHANGE_EC1_N22.xlsx,46
CKSTD5_A-200x,NA,NA,NA,"F-= 0.1282, Cl-= 0.6184, SO4(2-)=. 0.5428, Br-= 0.4543, PO4(3-)= 1.3724",20221019_Readme_COMPASS_EXCHANGE_EC1_N22.xlsx,47
CKSTD6_C-200x,NA,NA,NA,"Li+= 0.2324, Na+= 0.9412, NH4+= na, K+= 1.6603, Ca2+= 3.2800",20221019_Readme_COMPASS_EXCHANGE_EC1_N22.xlsx,48
Blank7,NA,NA,NA,"Mg2+= 0.6523, Ca2+= 1.4614",20221019_Readme_COMPASS_EXCHANGE_EC1_N22.xlsx,49
CondBlank1,NA,NA,1,"GENERAL NOTE: Re-ran to get better resolution of sulfate, so only anions CD_1 channel was uploaded. Don't use chloride concentrations- still high since it's at lower dilution levels. This was a test run so there are more blanks and checks than usual for this amount of samples to check for any carryover, but these sample concentrations are good.",20220930_Readme_Raw_Ions_COMPASS_EXCHANGE_EC1_n8.xlsx,NA
CondBlank2,NA,NA,1,NA,20220930_Readme_Raw_Ions_COMPASS_EXCHANGE_EC1_n8.xlsx,NA
CondBlank3,NA,NA,1,NA,20220930_Readme_Raw_Ions_COMPASS_EXCHANGE_EC1_n8.xlsx,NA
A-1600,NA,NA,1,"r^2s: F-= 0.99998, Cl-= 0.99993, SO4(2-)= 0.99986, Br-= 0.99986, PO4(3-)= 0.99919",20220930_Readme_Raw_Ions_COMPASS_EXCHANGE_EC1_n8.xlsx,NA
A-800,NA,NA,1,NA,20220930_Readme_Raw_Ions_COMPASS_EXCHANGE_EC1_n8.xlsx,NA
A-400,NA,NA,1,NA,20220930_Readme_Raw_Ions_COMPASS_EXCHANGE_EC1_n8.xlsx,NA
A-200,NA,NA,1,NA,20220930_Readme_Raw_Ions_COMPASS_EXCHANGE_EC1_n8.xlsx,NA
A-20,NA,NA,1,NA,20220930_Readme_Raw_Ions_COMPASS_EXCHANGE_EC1_n8.xlsx,NA
A-5,NA,NA,1,NA,20220930_Readme_Raw_Ions_COMPASS_EXCHANGE_EC1_n8.xlsx,NA
Blank1,NA,NA,1,NA,20220930_Readme_Raw_Ions_COMPASS_EXCHANGE_EC1_n8.xlsx,NA
Blank2,NA,NA,1,NA,20220930_Readme_Raw_Ions_COMPASS_EXCHANGE_EC1_n8.xlsx,NA
C-1600,NA,NA,1,"r^2s: Li+= 0.99999, Na+= 0.99998, NH4+= 0.97974, K+= 1.00000, Mg2+= 0.99972, Ca2+= 0.99921",20220930_Readme_Raw_Ions_COMPASS_EXCHANGE_EC1_n8.xlsx,NA
C-800,NA,NA,1,NA,20220930_Readme_Raw_Ions_COMPASS_EXCHANGE_EC1_n8.xlsx,NA
C-400,NA,NA,1,NA,20220930_Readme_Raw_Ions_COMPASS_EXCHANGE_EC1_n8.xlsx,NA
C-200,NA,NA,1,NA,20220930_Readme_Raw_Ions_COMPASS_EXCHANGE_EC1_n8.xlsx,NA
C-20,NA,NA,1,NA,20220930_Readme_Raw_Ions_COMPASS_EXCHANGE_EC1_n8.xlsx,NA
C-5,NA,NA,1,NA,20220930_Readme_Raw_Ions_COMPASS_EXCHANGE_EC1_n8.xlsx,NA
Blank3,NA,NA,1,NA,20220930_Readme_Raw_Ions_COMPASS_EXCHANGE_EC1_n8.xlsx,NA
Blank4,NA,NA,1,NA,20220930_Readme_Raw_Ions_COMPASS_EXCHANGE_EC1_n8.xlsx,NA
CKSTD1_A-200x,NA,NA,1,Chloride high,20220930_Readme_Raw_Ions_COMPASS_EXCHANGE_EC1_n8.xlsx,NA
CKSTD2_C-200x,NA,NA,1,NA,20220930_Readme_Raw_Ions_COMPASS_EXCHANGE_EC1_n8.xlsx,NA
EC1_K034,NA,NA,25,NA,20220930_Readme_Raw_Ions_COMPASS_EXCHANGE_EC1_n8.xlsx,NA
EC1_K060,NA,NA,25,NA,20220930_Readme_Raw_Ions_COMPASS_EXCHANGE_EC1_n8.xlsx,NA
Blank5,NA,NA,1,Chloride high,20220930_Readme_Raw_Ions_COMPASS_EXCHANGE_EC1_n8.xlsx,NA
EC1_K046,NA,NA,50,NA,20220930_Readme_Raw_Ions_COMPASS_EXCHANGE_EC1_n8.xlsx,NA
EC1_K057,NA,NA,50,NA,20220930_Readme_Raw_Ions_COMPASS_EXCHANGE_EC1_n8.xlsx,NA
Blank6,NA,NA,1,Chloride high,20220930_Readme_Raw_Ions_COMPASS_EXCHANGE_EC1_n8.xlsx,NA
EC1_K016,NA,NA,100,NA,20220930_Readme_Raw_Ions_COMPASS_EXCHANGE_EC1_n8.xlsx,NA
EC1_K041,NA,NA,100,NA,20220930_Readme_Raw_Ions_COMPASS_EXCHANGE_EC1_n8.xlsx,NA
Blank7,NA,NA,1,Chloride high,20220930_Readme_Raw_Ions_COMPASS_EXCHANGE_EC1_n8.xlsx,NA
EC1_K043,NA,NA,100,NA,20220930_Readme_Raw_Ions_COMPASS_EXCHANGE_EC1_n8.xlsx,NA
EC1_K018,NA,NA,100,NA,20220930_Readme_Raw_Ions_COMPASS_EXCHANGE_EC1_n8.xlsx,NA
CKSTD3_A-200x,NA,NA,1,NA,20220930_Readme_Raw_Ions_COMPASS_EXCHANGE_EC1_n8.xlsx,NA
CKSTD4_C-200x,NA,NA,1,NA,20220930_Readme_Raw_Ions_COMPASS_EXCHANGE_EC1_n8.xlsx,NA
Blank8,NA,NA,1,Chloride high,20220930_Readme_Raw_Ions_COMPASS_EXCHANGE_EC1_n8.xlsx,NA
CondBlank1,NA,NA,1,"GENERAL NOTE: do not use for any ions other than nitrite and nitrate. Re-ran without any dilution specifically for these ions, didn't upload any other to avoid confusion.",20220914_Readme_Raw_Ions_COMPASS_EXCHANGE_EC1_n12_SBR_RC2_RC2_E4-13.xlsx,1
CondBlank2,NA,NA,1,NA,20220914_Readme_Raw_Ions_COMPASS_EXCHANGE_EC1_n12_SBR_RC2_RC2_E4-13.xlsx,2
CondBlank3,NA,NA,1,NA,20220914_Readme_Raw_Ions_COMPASS_EXCHANGE_EC1_n12_SBR_RC2_RC2_E4-13.xlsx,3
A-6400x,NA,NA,1,"r^2s: NO2-= 0.99994, NO3-= 1.00000, F-= 0.99940, Cl-= 0.99960, SO4(2-)= 0.99980, Br-= 0.99987, PO4(3-)= 0.99954",20220914_Readme_Raw_Ions_COMPASS_EXCHANGE_EC1_n12_SBR_RC2_RC2_E4-13.xlsx,4
A-3200x,NA,NA,1,NA,20220914_Readme_Raw_Ions_COMPASS_EXCHANGE_EC1_n12_SBR_RC2_RC2_E4-13.xlsx,5
A-1600x,NA,NA,1,NA,20220914_Readme_Raw_Ions_COMPASS_EXCHANGE_EC1_n12_SBR_RC2_RC2_E4-13.xlsx,6
A-200x,NA,NA,1,NA,20220914_Readme_Raw_Ions_COMPASS_EXCHANGE_EC1_n12_SBR_RC2_RC2_E4-13.xlsx,7
A-20x,NA,NA,1,NA,20220914_Readme_Raw_Ions_COMPASS_EXCHANGE_EC1_n12_SBR_RC2_RC2_E4-13.xlsx,8
A-5x,NA,NA,1,NA,20220914_Readme_Raw_Ions_COMPASS_EXCHANGE_EC1_n12_SBR_RC2_RC2_E4-13.xlsx,9
Blank1,NA,NA,1,NA,20220914_Readme_Raw_Ions_COMPASS_EXCHANGE_EC1_n12_SBR_RC2_RC2_E4-13.xlsx,10
Blank2,NA,NA,1,NA,20220914_Readme_Raw_Ions_COMPASS_EXCHANGE_EC1_n12_SBR_RC2_RC2_E4-13.xlsx,11
C-6400x,NA,NA,1,NA,20220914_Readme_Raw_Ions_COMPASS_EXCHANGE_EC1_n12_SBR_RC2_RC2_E4-13.xlsx,12
C-3200x,NA,NA,1,NA,20220914_Readme_Raw_Ions_COMPASS_EXCHANGE_EC1_n12_SBR_RC2_RC2_E4-13.xlsx,13
C-1600x,NA,NA,1,NA,20220914_Readme_Raw_Ions_COMPASS_EXCHANGE_EC1_n12_SBR_RC2_RC2_E4-13.xlsx,14
C-200x,NA,NA,1,NA,20220914_Readme_Raw_Ions_COMPASS_EXCHANGE_EC1_n12_SBR_RC2_RC2_E4-13.xlsx,15
C-20x,NA,NA,1,NA,20220914_Readme_Raw_Ions_COMPASS_EXCHANGE_EC1_n12_SBR_RC2_RC2_E4-13.xlsx,16
C-5x,NA,NA,1,NA,20220914_Readme_Raw_Ions_COMPASS_EXCHANGE_EC1_n12_SBR_RC2_RC2_E4-13.xlsx,17
Blank3,NA,NA,1,NA,20220914_Readme_Raw_Ions_COMPASS_EXCHANGE_EC1_n12_SBR_RC2_RC2_E4-13.xlsx,18
Blank4,NA,NA,1,NA,20220914_Readme_Raw_Ions_COMPASS_EXCHANGE_EC1_n12_SBR_RC2_RC2_E4-13.xlsx,19
EC1_K058,NA,NA,1,NA,20220914_Readme_Raw_Ions_COMPASS_EXCHANGE_EC1_n12_SBR_RC2_RC2_E4-13.xlsx,20
EC1_K029,NA,NA,1,NA,20220914_Readme_Raw_Ions_COMPASS_EXCHANGE_EC1_n12_SBR_RC2_RC2_E4-13.xlsx,21
EC1_K034,NA,NA,1,NA,20220914_Readme_Raw_Ions_COMPASS_EXCHANGE_EC1_n12_SBR_RC2_RC2_E4-13.xlsx,22
EC1_K060,NA,NA,1,NA,20220914_Readme_Raw_Ions_COMPASS_EXCHANGE_EC1_n12_SBR_RC2_RC2_E4-13.xlsx,23
EC1_K061,NA,NA,1,NA,20220914_Readme_Raw_Ions_COMPASS_EXCHANGE_EC1_n12_SBR_RC2_RC2_E4-13.xlsx,24
EC1_K062,NA,NA,1,NA,20220914_Readme_Raw_Ions_COMPASS_EXCHANGE_EC1_n12_SBR_RC2_RC2_E4-13.xlsx,25
EC1_K016,NA,NA,1,NA,20220914_Readme_Raw_Ions_COMPASS_EXCHANGE_EC1_n12_SBR_RC2_RC2_E4-13.xlsx,26
EC1_K018,NA,NA,1,NA,20220914_Readme_Raw_Ions_COMPASS_EXCHANGE_EC1_n12_SBR_RC2_RC2_E4-13.xlsx,27
CKSTD1_A-200x,NA,NA,1,"NO2-= 0.4962, NO3-= 0.5316",20220914_Readme_Raw_Ions_COMPASS_EXCHANGE_EC1_n12_SBR_RC2_RC2_E4-13.xlsx,28
CKSTD2_C-200x,NA,NA,1,NA,20220914_Readme_Raw_Ions_COMPASS_EXCHANGE_EC1_n12_SBR_RC2_RC2_E4-13.xlsx,29
Blank5,NA,NA,1,NA,20220914_Readme_Raw_Ions_COMPASS_EXCHANGE_EC1_n12_SBR_RC2_RC2_E4-13.xlsx,30
EC1_K026,NA,NA,1,NA,20220914_Readme_Raw_Ions_COMPASS_EXCHANGE_EC1_n12_SBR_RC2_RC2_E4-13.xlsx,31
EC1_K040,NA,NA,1,NA,20220914_Readme_Raw_Ions_COMPASS_EXCHANGE_EC1_n12_SBR_RC2_RC2_E4-13.xlsx,32
EC1_K041,NA,NA,1,NA,20220914_Readme_Raw_Ions_COMPASS_EXCHANGE_EC1_n12_SBR_RC2_RC2_E4-13.xlsx,33
EC1_K043,NA,NA,1,NA,20220914_Readme_Raw_Ions_COMPASS_EXCHANGE_EC1_n12_SBR_RC2_RC2_E4-13.xlsx,34
RC2_E4,NA,Omit,1,NA,20220914_Readme_Raw_Ions_COMPASS_EXCHANGE_EC1_n12_SBR_RC2_RC2_E4-13.xlsx,35
RC2_E5,NA,Omit,1,NA,20220914_Readme_Raw_Ions_COMPASS_EXCHANGE_EC1_n12_SBR_RC2_RC2_E4-13.xlsx,36
RC2_E6,NA,Omit,1,NA,20220914_Readme_Raw_Ions_COMPASS_EXCHANGE_EC1_n12_SBR_RC2_RC2_E4-13.xlsx,37
CKSTD3_A-200x,NA,NA,1,"NO2-= 0.4702, NO3-= 0.5578",20220914_Readme_Raw_Ions_COMPASS_EXCHANGE_EC1_n12_SBR_RC2_RC2_E4-13.xlsx,38
CKSTD4_C-200x,NA,NA,1,NA,20220914_Readme_Raw_Ions_COMPASS_EXCHANGE_EC1_n12_SBR_RC2_RC2_E4-13.xlsx,39
Blank6,NA,NA,1,NO3-= 0.0080,20220914_Readme_Raw_Ions_COMPASS_EXCHANGE_EC1_n12_SBR_RC2_RC2_E4-13.xlsx,40
RC2_E7,NA,Omit,1,NA,20220914_Readme_Raw_Ions_COMPASS_EXCHANGE_EC1_n12_SBR_RC2_RC2_E4-13.xlsx,41
RC2_E8,NA,Omit,1,NA,20220914_Readme_Raw_Ions_COMPASS_EXCHANGE_EC1_n12_SBR_RC2_RC2_E4-13.xlsx,42
RC2_E9,NA,Omit,1,NA,20220914_Readme_Raw_Ions_COMPASS_EXCHANGE_EC1_n12_SBR_RC2_RC2_E4-13.xlsx,43
RC2_E10,NA,Omit,1,NA,20220914_Readme_Raw_Ions_COMPASS_EXCHANGE_EC1_n12_SBR_RC2_RC2_E4-13.xlsx,44
RC2_E11,NA,Omit,1,NA,20220914_Readme_Raw_Ions_COMPASS_EXCHANGE_EC1_n12_SBR_RC2_RC2_E4-13.xlsx,45
RC2_E12,NA,Omit,1,NA,20220914_Readme_Raw_Ions_COMPASS_EXCHANGE_EC1_n12_SBR_RC2_RC2_E4-13.xlsx,46
RC2_E13,NA,Omit,1,NA,20220914_Readme_Raw_Ions_COMPASS_EXCHANGE_EC1_n12_SBR_RC2_RC2_E4-13.xlsx,47
CKSTD5_A-200x,NA,Omit,1,NA,20220914_Readme_Raw_Ions_COMPASS_EXCHANGE_EC1_n12_SBR_RC2_RC2_E4-13.xlsx,48
CKSTD6_C-200x,NA,Omit,1,NA,20220914_Readme_Raw_Ions_COMPASS_EXCHANGE_EC1_n12_SBR_RC2_RC2_E4-13.xlsx,49
Blank7,NA,Omit,1,NA,20220914_Readme_Raw_Ions_COMPASS_EXCHANGE_EC1_n12_SBR_RC2_RC2_E4-13.xlsx,50
CondBlank1,NA,NA,1,"GENERAL NOTE: Re-ran EXCHANGE samples to get better resolution of nitrite, and nitrate. Do not use any of the other data besides nitrite, nitrate since this data is from undiluted samples and had a lot of carryover (especially with Cl- and SO4(2-)) between other ions. This is shown in the check standards concentrations listed in notes below- only uploaded UV_1 data.",20220913_Readme_Ions_SBR_RC3_YRBT_n2_COMPASS_EXCHANGE_EC1_n19.xlsx,1
CondBlank2,NA,NA,1,NA,20220913_Readme_Ions_SBR_RC3_YRBT_n2_COMPASS_EXCHANGE_EC1_n19.xlsx,2
CondBlank3,NA,NA,1,NA,20220913_Readme_Ions_SBR_RC3_YRBT_n2_COMPASS_EXCHANGE_EC1_n19.xlsx,3
A-6400x,NA,NA,1,"r^2s: F-= 0.99977, Cl-= 0.99992, SO4(2-)= 0.99987, Br-= 0.99985, PO4(3-)= 0.99980, NO2-= 1.00000, NO3-= 0.99999",20220913_Readme_Ions_SBR_RC3_YRBT_n2_COMPASS_EXCHANGE_EC1_n19.xlsx,4
A-3200x,NA,NA,1,NA,20220913_Readme_Ions_SBR_RC3_YRBT_n2_COMPASS_EXCHANGE_EC1_n19.xlsx,5
A-1600x,NA,NA,1,NA,20220913_Readme_Ions_SBR_RC3_YRBT_n2_COMPASS_EXCHANGE_EC1_n19.xlsx,6
A-200x,NA,NA,1,NA,20220913_Readme_Ions_SBR_RC3_YRBT_n2_COMPASS_EXCHANGE_EC1_n19.xlsx,7
A-20x,NA,NA,1,NA,20220913_Readme_Ions_SBR_RC3_YRBT_n2_COMPASS_EXCHANGE_EC1_n19.xlsx,8
A-5x,NA,NA,1,NA,20220913_Readme_Ions_SBR_RC3_YRBT_n2_COMPASS_EXCHANGE_EC1_n19.xlsx,9
Blank1,NA,NA,1,NA,20220913_Readme_Ions_SBR_RC3_YRBT_n2_COMPASS_EXCHANGE_EC1_n19.xlsx,10
Blank2,NA,NA,1,NA,20220913_Readme_Ions_SBR_RC3_YRBT_n2_COMPASS_EXCHANGE_EC1_n19.xlsx,11
C-6400x,NA,NA,1,"r^2s: Li+= 0.99998, Na+= 0.99998, NH4+= 0.98083, K+= 0.99999, Mg2+= 0.99999, Ca2+= 0.99981",20220913_Readme_Ions_SBR_RC3_YRBT_n2_COMPASS_EXCHANGE_EC1_n19.xlsx,12
C-3200x,NA,NA,1,NA,20220913_Readme_Ions_SBR_RC3_YRBT_n2_COMPASS_EXCHANGE_EC1_n19.xlsx,13
C-1600x,NA,NA,1,NA,20220913_Readme_Ions_SBR_RC3_YRBT_n2_COMPASS_EXCHANGE_EC1_n19.xlsx,14
C-200x,NA,NA,1,NA,20220913_Readme_Ions_SBR_RC3_YRBT_n2_COMPASS_EXCHANGE_EC1_n19.xlsx,15
C-20x,NA,NA,1,NA,20220913_Readme_Ions_SBR_RC3_YRBT_n2_COMPASS_EXCHANGE_EC1_n19.xlsx,16
C-5x,NA,NA,1,NA,20220913_Readme_Ions_SBR_RC3_YRBT_n2_COMPASS_EXCHANGE_EC1_n19.xlsx,17
Blank3,NA,NA,1,NA,20220913_Readme_Ions_SBR_RC3_YRBT_n2_COMPASS_EXCHANGE_EC1_n19.xlsx,18
Blank4,NA,NA,1,NA,20220913_Readme_Ions_SBR_RC3_YRBT_n2_COMPASS_EXCHANGE_EC1_n19.xlsx,19
YRBT_W10_20201125,NA,NA,1,NA,20220913_Readme_Ions_SBR_RC3_YRBT_n2_COMPASS_EXCHANGE_EC1_n19.xlsx,20
YRBT_W20_20201125,NA,NA,1,NA,20220913_Readme_Ions_SBR_RC3_YRBT_n2_COMPASS_EXCHANGE_EC1_n19.xlsx,21
EC1_K001,NA,NA,1,NA,20220913_Readme_Ions_SBR_RC3_YRBT_n2_COMPASS_EXCHANGE_EC1_n19.xlsx,22
EC1_K014,NA,NA,1,NA,20220913_Readme_Ions_SBR_RC3_YRBT_n2_COMPASS_EXCHANGE_EC1_n19.xlsx,23
EC1_K015,NA,NA,1,NA,20220913_Readme_Ions_SBR_RC3_YRBT_n2_COMPASS_EXCHANGE_EC1_n19.xlsx,24
EC1_K057,NA,NA,1,NA,20220913_Readme_Ions_SBR_RC3_YRBT_n2_COMPASS_EXCHANGE_EC1_n19.xlsx,25
EC1_K017,NA,NA,1,NA,20220913_Readme_Ions_SBR_RC3_YRBT_n2_COMPASS_EXCHANGE_EC1_n19.xlsx,26
EC1_K058,NA,NA,1,NA,20220913_Readme_Ions_SBR_RC3_YRBT_n2_COMPASS_EXCHANGE_EC1_n19.xlsx,27
CKSTD1_A-200x,NA,NA,1,"NO2-= 0.5137, NO3-= 0.4929, F-= 0.15091, Cl-= 15.0910, SO4(2-)= 1.3612, Br-= 0.5165, PO4(3-)= 1.1514",20220913_Readme_Ions_SBR_RC3_YRBT_n2_COMPASS_EXCHANGE_EC1_n19.xlsx,28
CKSTD2_C-200x,NA,NA,1,NA,20220913_Readme_Ions_SBR_RC3_YRBT_n2_COMPASS_EXCHANGE_EC1_n19.xlsx,29
Blank5,NA,NA,1,"NO2-= 0.0118, NO3-= 0.0209, Cl-= 8.0735, SO4(2-)= 0.2597, Br-= 0.1380",20220913_Readme_Ions_SBR_RC3_YRBT_n2_COMPASS_EXCHANGE_EC1_n19.xlsx,30
EC1_K024,NA,NA,1,NA,20220913_Readme_Ions_SBR_RC3_YRBT_n2_COMPASS_EXCHANGE_EC1_n19.xlsx,31
EC1_K025,NA,NA,1,NA,20220913_Readme_Ions_SBR_RC3_YRBT_n2_COMPASS_EXCHANGE_EC1_n19.xlsx,32
EC1_K059,NA,NA,1,NA,20220913_Readme_Ions_SBR_RC3_YRBT_n2_COMPASS_EXCHANGE_EC1_n19.xlsx,33
EC1_K029,NA,NA,1,NA,20220913_Readme_Ions_SBR_RC3_YRBT_n2_COMPASS_EXCHANGE_EC1_n19.xlsx,34
EC1_K030,NA,NA,1,NA,20220913_Readme_Ions_SBR_RC3_YRBT_n2_COMPASS_EXCHANGE_EC1_n19.xlsx,35
EC1_K034,NA,NA,1,NA,20220913_Readme_Ions_SBR_RC3_YRBT_n2_COMPASS_EXCHANGE_EC1_n19.xlsx,36
EC1_K035,NA,NA,1,NA,20220913_Readme_Ions_SBR_RC3_YRBT_n2_COMPASS_EXCHANGE_EC1_n19.xlsx,37
CKSTD3_A-200x,NA,NA,1,"NO2-= 0.5154, NO3-= 0.5109, F-= 0.1817, Cl-= 1.5045, Br-= 0.5209, PO4(3-)= 1.0934",20220913_Readme_Ions_SBR_RC3_YRBT_n2_COMPASS_EXCHANGE_EC1_n19.xlsx,38
CKSTD4_C-200x,NA,NA,1,NA,20220913_Readme_Ions_SBR_RC3_YRBT_n2_COMPASS_EXCHANGE_EC1_n19.xlsx,39
Blank6,NA,NA,1,"NO2-= 0.0126, NO3-= 0.0205, Cl-= 10.5414, SO4(2-)= 0.3413, Br-= 0.1410",20220913_Readme_Ions_SBR_RC3_YRBT_n2_COMPASS_EXCHANGE_EC1_n19.xlsx,40
EC1_K036,NA,NA,1,NA,20220913_Readme_Ions_SBR_RC3_YRBT_n2_COMPASS_EXCHANGE_EC1_n19.xlsx,41
EC1_K044,NA,NA,1,NA,20220913_Readme_Ions_SBR_RC3_YRBT_n2_COMPASS_EXCHANGE_EC1_n19.xlsx,42
EC1_K046,NA,NA,1,NA,20220913_Readme_Ions_SBR_RC3_YRBT_n2_COMPASS_EXCHANGE_EC1_n19.xlsx,43
EC1_K051,NA,NA,1,NA,20220913_Readme_Ions_SBR_RC3_YRBT_n2_COMPASS_EXCHANGE_EC1_n19.xlsx,44
EC1_K052,NA,NA,1,NA,20220913_Readme_Ions_SBR_RC3_YRBT_n2_COMPASS_EXCHANGE_EC1_n19.xlsx,45
EC1_K054,NA,NA,1,NA,20220913_Readme_Ions_SBR_RC3_YRBT_n2_COMPASS_EXCHANGE_EC1_n19.xlsx,46
EC1_K056,NA,NA,1,NA,20220913_Readme_Ions_SBR_RC3_YRBT_n2_COMPASS_EXCHANGE_EC1_n19.xlsx,47
CKSTD5_A-200x,NA,NA,1,"NO2-= 0.5250, NO3-= 0.5068, F-= 0.1630, Cl-= 25.9599, SO4(2-)= 2.1460, Br-= 0.5205, PO4(3-)= 1.0671",20220913_Readme_Ions_SBR_RC3_YRBT_n2_COMPASS_EXCHANGE_EC1_n19.xlsx,48
CKSTD6_C-200x,NA,NA,1,NA,20220913_Readme_Ions_SBR_RC3_YRBT_n2_COMPASS_EXCHANGE_EC1_n19.xlsx,49
Blank7,NA,NA,1,"NO2-= 0.0036, Cl-= 9.5257, SO4(2-)= 0.5658, Br-= 0.2864",20220913_Readme_Ions_SBR_RC3_YRBT_n2_COMPASS_EXCHANGE_EC1_n19.xlsx,50
